/* Generated by radio-research/generate_test_tone.py; candidate LC3plus. */
static const uint8_t tone_frames[ULL_TONE_FRAME_COUNT][2][ULL_TONE_CHANNEL_BYTES] = {
    {
        {0x00,0x00,0x00,0x00,0x00,0x00,0x00,0x00,0x00,0x00,0x00,0x00,0x00,0x00,0x00,0x00,0x00,0x00,0x00,0x00,0x00,0x00,0x00,0x00,0x00,0x00,0x00,0x00,0x00,0x00,0x00,0x00,0x00,0x00,0x00,0x00,0x00,0x00,0x00,0x00,0x00,0x00,0x00,0x00,0x00,0x00,0x00,0x00,0x00,0x00,0x00,0x00,0x00,0x00,0x00,0x00,0x00,0x00,0x00,0x00,0x00,0x00,0x00,0x00,0x00,0x00,0x00,0x00,0x00,0x00,0x00,0x00,0x00,0x00,0x00,0x00,0x00,0x00,0x00,0x00,0x00,0x00,0x00,0x00,0x00,0x00,0x00,0x1c,0x12,0x7c,0xa5,0x06,0x80,0x00,0x00},
        {0x00,0x00,0x00,0x00,0x00,0x00,0x00,0x00,0x00,0x00,0x00,0x00,0x00,0x00,0x00,0x00,0x00,0x00,0x00,0x00,0x00,0x00,0x00,0x00,0x00,0x00,0x00,0x00,0x00,0x00,0x00,0x00,0x00,0x00,0x00,0x00,0x00,0x00,0x00,0x00,0x00,0x00,0x00,0x00,0x00,0x00,0x00,0x00,0x00,0x00,0x00,0x00,0x00,0x00,0x00,0x00,0x00,0x00,0x00,0x00,0x00,0x00,0x00,0x00,0x00,0x00,0x00,0x00,0x00,0x00,0x00,0x00,0x00,0x00,0x00,0x00,0x00,0x00,0x00,0x00,0x00,0x00,0x00,0x00,0x00,0x00,0x00,0x1c,0x12,0x7c,0xa5,0x06,0x80,0x00,0x00},
    },
    {
        {0x00,0x00,0x00,0x00,0x00,0x00,0x00,0x00,0x00,0x00,0x00,0x00,0x00,0x00,0x00,0x00,0x00,0x00,0x00,0x00,0x00,0x00,0x00,0x00,0x00,0x00,0x00,0x00,0x00,0x00,0x00,0x00,0x00,0x00,0x00,0x00,0x00,0x00,0x00,0x00,0x00,0x00,0x00,0x00,0x00,0x00,0x00,0x00,0x00,0x00,0x00,0x00,0x00,0x00,0x00,0x00,0x00,0x00,0x00,0x00,0x00,0x00,0x00,0x00,0x00,0x00,0x00,0x00,0x00,0x00,0x00,0x00,0x00,0x00,0x00,0x00,0x00,0x00,0x00,0x00,0x00,0x00,0x00,0x00,0x00,0x00,0x00,0x1c,0x12,0x7c,0xa5,0x06,0x80,0x00,0x00},
        {0x00,0x00,0x00,0x00,0x00,0x00,0x00,0x00,0x00,0x00,0x00,0x00,0x00,0x00,0x00,0x00,0x00,0x00,0x00,0x00,0x00,0x00,0x00,0x00,0x00,0x00,0x00,0x00,0x00,0x00,0x00,0x00,0x00,0x00,0x00,0x00,0x00,0x00,0x00,0x00,0x00,0x00,0x00,0x00,0x00,0x00,0x00,0x00,0x00,0x00,0x00,0x00,0x00,0x00,0x00,0x00,0x00,0x00,0x00,0x00,0x00,0x00,0x00,0x00,0x00,0x00,0x00,0x00,0x00,0x00,0x00,0x00,0x00,0x00,0x00,0x00,0x00,0x00,0x00,0x00,0x00,0x00,0x00,0x00,0x00,0x00,0x00,0x1c,0x12,0x7c,0xa5,0x06,0x80,0x00,0x00},
    },
    {
        {0x00,0x00,0x00,0x00,0x00,0x00,0x00,0x00,0x00,0x00,0x00,0x00,0x00,0x00,0x00,0x00,0x00,0x00,0x00,0x00,0x00,0x00,0x00,0x00,0x00,0x00,0x00,0x00,0x00,0x00,0x00,0x00,0x00,0x00,0x00,0x00,0x00,0x00,0x00,0x00,0x00,0x00,0x00,0x00,0x00,0x00,0x00,0x00,0x00,0x00,0x00,0x00,0x00,0x00,0x00,0x00,0x00,0x00,0x00,0x00,0x00,0x00,0x00,0x00,0x00,0x00,0x00,0x00,0x00,0x00,0x00,0x00,0x00,0x00,0x00,0x00,0x00,0x00,0x00,0x00,0x00,0x00,0x00,0x00,0x00,0x00,0x00,0x1c,0x12,0x7c,0xa5,0x06,0x80,0x00,0x00},
        {0x00,0x00,0x00,0x00,0x00,0x00,0x00,0x00,0x00,0x00,0x00,0x00,0x00,0x00,0x00,0x00,0x00,0x00,0x00,0x00,0x00,0x00,0x00,0x00,0x00,0x00,0x00,0x00,0x00,0x00,0x00,0x00,0x00,0x00,0x00,0x00,0x00,0x00,0x00,0x00,0x00,0x00,0x00,0x00,0x00,0x00,0x00,0x00,0x00,0x00,0x00,0x00,0x00,0x00,0x00,0x00,0x00,0x00,0x00,0x00,0x00,0x00,0x00,0x00,0x00,0x00,0x00,0x00,0x00,0x00,0x00,0x00,0x00,0x00,0x00,0x00,0x00,0x00,0x00,0x00,0x00,0x00,0x00,0x00,0x00,0x00,0x00,0x1c,0x12,0x7c,0xa5,0x06,0x80,0x00,0x00},
    },
    {
        {0x00,0x00,0x00,0x00,0x00,0x00,0x00,0x00,0x00,0x00,0x00,0x00,0x00,0x00,0x00,0x00,0x00,0x00,0x00,0x00,0x00,0x00,0x00,0x00,0x00,0x00,0x00,0x00,0x00,0x00,0x00,0x00,0x00,0x00,0x00,0x00,0x00,0x00,0x00,0x00,0x00,0x00,0x00,0x00,0x00,0x00,0x00,0x00,0x00,0x00,0x00,0x00,0x00,0x00,0x00,0x00,0x00,0x00,0x00,0x00,0x00,0x00,0x00,0x00,0x00,0x00,0x00,0x00,0x00,0x00,0x00,0x00,0x00,0x00,0x00,0x00,0x00,0x00,0x00,0x00,0x00,0x00,0x00,0x00,0x00,0x00,0x00,0x1c,0x12,0x7c,0xa5,0x06,0x80,0x00,0x00},
        {0x00,0x00,0x00,0x00,0x00,0x00,0x00,0x00,0x00,0x00,0x00,0x00,0x00,0x00,0x00,0x00,0x00,0x00,0x00,0x00,0x00,0x00,0x00,0x00,0x00,0x00,0x00,0x00,0x00,0x00,0x00,0x00,0x00,0x00,0x00,0x00,0x00,0x00,0x00,0x00,0x00,0x00,0x00,0x00,0x00,0x00,0x00,0x00,0x00,0x00,0x00,0x00,0x00,0x00,0x00,0x00,0x00,0x00,0x00,0x00,0x00,0x00,0x00,0x00,0x00,0x00,0x00,0x00,0x00,0x00,0x00,0x00,0x00,0x00,0x00,0x00,0x00,0x00,0x00,0x00,0x00,0x00,0x00,0x00,0x00,0x00,0x00,0x1c,0x12,0x7c,0xa5,0x06,0x80,0x00,0x00},
    },
    {
        {0x00,0x00,0x00,0x00,0x00,0x00,0x00,0x00,0x00,0x00,0x00,0x00,0x00,0x00,0x00,0x00,0x00,0x00,0x00,0x00,0x00,0x00,0x00,0x00,0x00,0x00,0x00,0x00,0x00,0x00,0x00,0x00,0x00,0x00,0x00,0x00,0x00,0x00,0x00,0x00,0x00,0x00,0x00,0x00,0x00,0x00,0x00,0x00,0x00,0x00,0x00,0x00,0x00,0x00,0x00,0x00,0x00,0x00,0x00,0x00,0x00,0x00,0x00,0x00,0x00,0x00,0x00,0x00,0x00,0x00,0x00,0x00,0x00,0x00,0x00,0x00,0x00,0x00,0x00,0x00,0x00,0x00,0x00,0x00,0x00,0x00,0x00,0x1c,0x12,0x7c,0xa5,0x06,0x80,0x00,0x00},
        {0x00,0x00,0x00,0x00,0x00,0x00,0x00,0x00,0x00,0x00,0x00,0x00,0x00,0x00,0x00,0x00,0x00,0x00,0x00,0x00,0x00,0x00,0x00,0x00,0x00,0x00,0x00,0x00,0x00,0x00,0x00,0x00,0x00,0x00,0x00,0x00,0x00,0x00,0x00,0x00,0x00,0x00,0x00,0x00,0x00,0x00,0x00,0x00,0x00,0x00,0x00,0x00,0x00,0x00,0x00,0x00,0x00,0x00,0x00,0x00,0x00,0x00,0x00,0x00,0x00,0x00,0x00,0x00,0x00,0x00,0x00,0x00,0x00,0x00,0x00,0x00,0x00,0x00,0x00,0x00,0x00,0x00,0x00,0x00,0x00,0x00,0x00,0x1c,0x12,0x7c,0xa5,0x06,0x80,0x00,0x00},
    },
    {
        {0x00,0x00,0x00,0x00,0x00,0x00,0x00,0x00,0x00,0x00,0x00,0x00,0x00,0x00,0x00,0x00,0x00,0x00,0x00,0x00,0x00,0x00,0x00,0x00,0x00,0x00,0x00,0x00,0x00,0x00,0x00,0x00,0x00,0x00,0x00,0x00,0x00,0x00,0x00,0x00,0x00,0x00,0x00,0x00,0x00,0x00,0x00,0x00,0x00,0x00,0x00,0x00,0x00,0x00,0x00,0x00,0x00,0x00,0x00,0x00,0x00,0x00,0x00,0x00,0x00,0x00,0x00,0x00,0x00,0x00,0x00,0x00,0x00,0x00,0x00,0x00,0x00,0x00,0x00,0x00,0x00,0x00,0x00,0x00,0x00,0x00,0x00,0x1c,0x12,0x7c,0xa5,0x06,0x80,0x00,0x00},
        {0x00,0x00,0x00,0x00,0x00,0x00,0x00,0x00,0x00,0x00,0x00,0x00,0x00,0x00,0x00,0x00,0x00,0x00,0x00,0x00,0x00,0x00,0x00,0x00,0x00,0x00,0x00,0x00,0x00,0x00,0x00,0x00,0x00,0x00,0x00,0x00,0x00,0x00,0x00,0x00,0x00,0x00,0x00,0x00,0x00,0x00,0x00,0x00,0x00,0x00,0x00,0x00,0x00,0x00,0x00,0x00,0x00,0x00,0x00,0x00,0x00,0x00,0x00,0x00,0x00,0x00,0x00,0x00,0x00,0x00,0x00,0x00,0x00,0x00,0x00,0x00,0x00,0x00,0x00,0x00,0x00,0x00,0x00,0x00,0x00,0x00,0x00,0x1c,0x12,0x7c,0xa5,0x06,0x80,0x00,0x00},
    },
    {
        {0x00,0x00,0x00,0x00,0x00,0x00,0x00,0x00,0x00,0x00,0x00,0x00,0x00,0x00,0x00,0x00,0x00,0x00,0x00,0x00,0x00,0x00,0x00,0x00,0x00,0x00,0x00,0x00,0x00,0x00,0x00,0x00,0x00,0x00,0x00,0x00,0x00,0x00,0x00,0x00,0x00,0x00,0x00,0x00,0x00,0x00,0x00,0x00,0x00,0x00,0x00,0x00,0x00,0x00,0x00,0x00,0x00,0x00,0x00,0x00,0x00,0x00,0x00,0x00,0x00,0x00,0x00,0x00,0x00,0x00,0x00,0x00,0x00,0x00,0x00,0x00,0x00,0x00,0x00,0x00,0x00,0x00,0x00,0x00,0x00,0x00,0x00,0x1c,0x12,0x7c,0xa5,0x06,0x80,0x00,0x00},
        {0x00,0x00,0x00,0x00,0x00,0x00,0x00,0x00,0x00,0x00,0x00,0x00,0x00,0x00,0x00,0x00,0x00,0x00,0x00,0x00,0x00,0x00,0x00,0x00,0x00,0x00,0x00,0x00,0x00,0x00,0x00,0x00,0x00,0x00,0x00,0x00,0x00,0x00,0x00,0x00,0x00,0x00,0x00,0x00,0x00,0x00,0x00,0x00,0x00,0x00,0x00,0x00,0x00,0x00,0x00,0x00,0x00,0x00,0x00,0x00,0x00,0x00,0x00,0x00,0x00,0x00,0x00,0x00,0x00,0x00,0x00,0x00,0x00,0x00,0x00,0x00,0x00,0x00,0x00,0x00,0x00,0x00,0x00,0x00,0x00,0x00,0x00,0x1c,0x12,0x7c,0xa5,0x06,0x80,0x00,0x00},
    },
    {
        {0x00,0x00,0x00,0x00,0x00,0x00,0x00,0x00,0x00,0x00,0x00,0x00,0x00,0x00,0x00,0x00,0x00,0x00,0x00,0x00,0x00,0x00,0x00,0x00,0x00,0x00,0x00,0x00,0x00,0x00,0x00,0x00,0x00,0x00,0x00,0x00,0x00,0x00,0x00,0x00,0x00,0x00,0x00,0x00,0x00,0x00,0x00,0x00,0x00,0x00,0x00,0x00,0x00,0x00,0x00,0x00,0x00,0x00,0x00,0x00,0x00,0x00,0x00,0x00,0x00,0x00,0x00,0x00,0x00,0x00,0x00,0x00,0x00,0x00,0x00,0x00,0x00,0x00,0x00,0x00,0x00,0x00,0x00,0x00,0x00,0x00,0x00,0x1c,0x12,0x7c,0xa5,0x06,0x80,0x00,0x00},
        {0x00,0x00,0x00,0x00,0x00,0x00,0x00,0x00,0x00,0x00,0x00,0x00,0x00,0x00,0x00,0x00,0x00,0x00,0x00,0x00,0x00,0x00,0x00,0x00,0x00,0x00,0x00,0x00,0x00,0x00,0x00,0x00,0x00,0x00,0x00,0x00,0x00,0x00,0x00,0x00,0x00,0x00,0x00,0x00,0x00,0x00,0x00,0x00,0x00,0x00,0x00,0x00,0x00,0x00,0x00,0x00,0x00,0x00,0x00,0x00,0x00,0x00,0x00,0x00,0x00,0x00,0x00,0x00,0x00,0x00,0x00,0x00,0x00,0x00,0x00,0x00,0x00,0x00,0x00,0x00,0x00,0x00,0x00,0x00,0x00,0x00,0x00,0x1c,0x12,0x7c,0xa5,0x06,0x80,0x00,0x00},
    },
    {
        {0x00,0x00,0x00,0x00,0x00,0x00,0x00,0x00,0x00,0x00,0x00,0x00,0x00,0x00,0x00,0x00,0x00,0x00,0x00,0x00,0x00,0x00,0x00,0x00,0x00,0x00,0x00,0x00,0x00,0x00,0x00,0x00,0x00,0x00,0x00,0x00,0x00,0x00,0x00,0x00,0x00,0x00,0x00,0x00,0x00,0x00,0x00,0x00,0x00,0x00,0x00,0x00,0x00,0x00,0x00,0x00,0x00,0x00,0x00,0x00,0x00,0x00,0x00,0x00,0x00,0x00,0x00,0x00,0x00,0x00,0x00,0x00,0x00,0x00,0x00,0x00,0x00,0x00,0x00,0x00,0x00,0x00,0x00,0x00,0x00,0x00,0x00,0x1c,0x12,0x7c,0xa5,0x06,0x80,0x00,0x00},
        {0x00,0x00,0x00,0x00,0x00,0x00,0x00,0x00,0x00,0x00,0x00,0x00,0x00,0x00,0x00,0x00,0x00,0x00,0x00,0x00,0x00,0x00,0x00,0x00,0x00,0x00,0x00,0x00,0x00,0x00,0x00,0x00,0x00,0x00,0x00,0x00,0x00,0x00,0x00,0x00,0x00,0x00,0x00,0x00,0x00,0x00,0x00,0x00,0x00,0x00,0x00,0x00,0x00,0x00,0x00,0x00,0x00,0x00,0x00,0x00,0x00,0x00,0x00,0x00,0x00,0x00,0x00,0x00,0x00,0x00,0x00,0x00,0x00,0x00,0x00,0x00,0x00,0x00,0x00,0x00,0x00,0x00,0x00,0x00,0x00,0x00,0x00,0x1c,0x12,0x7c,0xa5,0x06,0x80,0x00,0x00},
    },
    {
        {0x00,0x00,0x00,0x00,0x00,0x00,0x00,0x00,0x00,0x00,0x00,0x00,0x00,0x00,0x00,0x00,0x00,0x00,0x00,0x00,0x00,0x00,0x00,0x00,0x00,0x00,0x00,0x00,0x00,0x00,0x00,0x00,0x00,0x00,0x00,0x00,0x00,0x00,0x00,0x00,0x00,0x00,0x00,0x00,0x00,0x00,0x00,0x00,0x00,0x00,0x00,0x00,0x00,0x00,0x00,0x00,0x00,0x00,0x00,0x00,0x00,0x00,0x00,0x00,0x00,0x00,0x00,0x00,0x00,0x00,0x00,0x00,0x00,0x00,0x00,0x00,0x00,0x00,0x00,0x00,0x00,0x00,0x00,0x00,0x00,0x00,0x00,0x1c,0x12,0x7c,0xa5,0x06,0x80,0x00,0x00},
        {0x00,0x00,0x00,0x00,0x00,0x00,0x00,0x00,0x00,0x00,0x00,0x00,0x00,0x00,0x00,0x00,0x00,0x00,0x00,0x00,0x00,0x00,0x00,0x00,0x00,0x00,0x00,0x00,0x00,0x00,0x00,0x00,0x00,0x00,0x00,0x00,0x00,0x00,0x00,0x00,0x00,0x00,0x00,0x00,0x00,0x00,0x00,0x00,0x00,0x00,0x00,0x00,0x00,0x00,0x00,0x00,0x00,0x00,0x00,0x00,0x00,0x00,0x00,0x00,0x00,0x00,0x00,0x00,0x00,0x00,0x00,0x00,0x00,0x00,0x00,0x00,0x00,0x00,0x00,0x00,0x00,0x00,0x00,0x00,0x00,0x00,0x00,0x1c,0x12,0x7c,0xa5,0x06,0x80,0x00,0x00},
    },
    {
        {0x00,0x00,0x00,0x00,0x00,0x00,0x00,0x00,0x00,0x00,0x00,0x00,0x00,0x00,0x00,0x00,0x00,0x00,0x00,0x00,0x00,0x00,0x00,0x00,0x00,0x00,0x00,0x00,0x00,0x00,0x00,0x00,0x00,0x00,0x00,0x00,0x00,0x00,0x00,0x00,0x00,0x00,0x00,0x00,0x00,0x00,0x00,0x00,0x00,0x00,0x00,0x00,0x00,0x00,0x00,0x00,0x00,0x00,0x00,0x00,0x00,0x00,0x00,0x00,0x00,0x00,0x00,0x00,0x00,0x00,0x00,0x00,0x00,0x00,0x00,0x00,0x00,0x00,0x00,0x00,0x00,0x00,0x00,0x00,0x00,0x00,0x00,0x1c,0x12,0x7c,0xa5,0x06,0x80,0x00,0x00},
        {0x00,0x00,0x00,0x00,0x00,0x00,0x00,0x00,0x00,0x00,0x00,0x00,0x00,0x00,0x00,0x00,0x00,0x00,0x00,0x00,0x00,0x00,0x00,0x00,0x00,0x00,0x00,0x00,0x00,0x00,0x00,0x00,0x00,0x00,0x00,0x00,0x00,0x00,0x00,0x00,0x00,0x00,0x00,0x00,0x00,0x00,0x00,0x00,0x00,0x00,0x00,0x00,0x00,0x00,0x00,0x00,0x00,0x00,0x00,0x00,0x00,0x00,0x00,0x00,0x00,0x00,0x00,0x00,0x00,0x00,0x00,0x00,0x00,0x00,0x00,0x00,0x00,0x00,0x00,0x00,0x00,0x00,0x00,0x00,0x00,0x00,0x00,0x1c,0x12,0x7c,0xa5,0x06,0x80,0x00,0x00},
    },
    {
        {0x00,0x00,0x00,0x00,0x00,0x00,0x00,0x00,0x00,0x00,0x00,0x00,0x00,0x00,0x00,0x00,0x00,0x00,0x00,0x00,0x00,0x00,0x00,0x00,0x00,0x00,0x00,0x00,0x00,0x00,0x00,0x00,0x00,0x00,0x00,0x00,0x00,0x00,0x00,0x00,0x00,0x00,0x00,0x00,0x00,0x00,0x00,0x00,0x00,0x00,0x00,0x00,0x00,0x00,0x00,0x00,0x00,0x00,0x00,0x00,0x00,0x00,0x00,0x00,0x00,0x00,0x00,0x00,0x00,0x00,0x00,0x00,0x00,0x00,0x00,0x00,0x00,0x00,0x00,0x00,0x00,0x00,0x00,0x00,0x00,0x00,0x00,0x1c,0x12,0x7c,0xa5,0x06,0x80,0x00,0x00},
        {0x00,0x00,0x00,0x00,0x00,0x00,0x00,0x00,0x00,0x00,0x00,0x00,0x00,0x00,0x00,0x00,0x00,0x00,0x00,0x00,0x00,0x00,0x00,0x00,0x00,0x00,0x00,0x00,0x00,0x00,0x00,0x00,0x00,0x00,0x00,0x00,0x00,0x00,0x00,0x00,0x00,0x00,0x00,0x00,0x00,0x00,0x00,0x00,0x00,0x00,0x00,0x00,0x00,0x00,0x00,0x00,0x00,0x00,0x00,0x00,0x00,0x00,0x00,0x00,0x00,0x00,0x00,0x00,0x00,0x00,0x00,0x00,0x00,0x00,0x00,0x00,0x00,0x00,0x00,0x00,0x00,0x00,0x00,0x00,0x00,0x00,0x00,0x1c,0x12,0x7c,0xa5,0x06,0x80,0x00,0x00},
    },
    {
        {0x00,0x00,0x00,0x00,0x00,0x00,0x00,0x00,0x00,0x00,0x00,0x00,0x00,0x00,0x00,0x00,0x00,0x00,0x00,0x00,0x00,0x00,0x00,0x00,0x00,0x00,0x00,0x00,0x00,0x00,0x00,0x00,0x00,0x00,0x00,0x00,0x00,0x00,0x00,0x00,0x00,0x00,0x00,0x00,0x00,0x00,0x00,0x00,0x00,0x00,0x00,0x00,0x00,0x00,0x00,0x00,0x00,0x00,0x00,0x00,0x00,0x00,0x00,0x00,0x00,0x00,0x00,0x00,0x00,0x00,0x00,0x00,0x00,0x00,0x00,0x00,0x00,0x00,0x00,0x00,0x00,0x00,0x00,0x00,0x00,0x00,0x00,0x1c,0x12,0x7c,0xa5,0x06,0x80,0x00,0x00},
        {0x00,0x00,0x00,0x00,0x00,0x00,0x00,0x00,0x00,0x00,0x00,0x00,0x00,0x00,0x00,0x00,0x00,0x00,0x00,0x00,0x00,0x00,0x00,0x00,0x00,0x00,0x00,0x00,0x00,0x00,0x00,0x00,0x00,0x00,0x00,0x00,0x00,0x00,0x00,0x00,0x00,0x00,0x00,0x00,0x00,0x00,0x00,0x00,0x00,0x00,0x00,0x00,0x00,0x00,0x00,0x00,0x00,0x00,0x00,0x00,0x00,0x00,0x00,0x00,0x00,0x00,0x00,0x00,0x00,0x00,0x00,0x00,0x00,0x00,0x00,0x00,0x00,0x00,0x00,0x00,0x00,0x00,0x00,0x00,0x00,0x00,0x00,0x1c,0x12,0x7c,0xa5,0x06,0x80,0x00,0x00},
    },
    {
        {0x00,0x00,0x00,0x00,0x00,0x00,0x00,0x00,0x00,0x00,0x00,0x00,0x00,0x00,0x00,0x00,0x00,0x00,0x00,0x00,0x00,0x00,0x00,0x00,0x00,0x00,0x00,0x00,0x00,0x00,0x00,0x00,0x00,0x00,0x00,0x00,0x00,0x00,0x00,0x00,0x00,0x00,0x00,0x00,0x00,0x00,0x00,0x00,0x00,0x00,0x00,0x00,0x00,0x00,0x00,0x00,0x00,0x00,0x00,0x00,0x00,0x00,0x00,0x00,0x00,0x00,0x00,0x00,0x00,0x00,0x00,0x00,0x00,0x00,0x00,0x00,0x00,0x00,0x00,0x00,0x00,0x00,0x00,0x00,0x00,0x00,0x00,0x1c,0x12,0x7c,0xa5,0x06,0x80,0x00,0x00},
        {0x00,0x00,0x00,0x00,0x00,0x00,0x00,0x00,0x00,0x00,0x00,0x00,0x00,0x00,0x00,0x00,0x00,0x00,0x00,0x00,0x00,0x00,0x00,0x00,0x00,0x00,0x00,0x00,0x00,0x00,0x00,0x00,0x00,0x00,0x00,0x00,0x00,0x00,0x00,0x00,0x00,0x00,0x00,0x00,0x00,0x00,0x00,0x00,0x00,0x00,0x00,0x00,0x00,0x00,0x00,0x00,0x00,0x00,0x00,0x00,0x00,0x00,0x00,0x00,0x00,0x00,0x00,0x00,0x00,0x00,0x00,0x00,0x00,0x00,0x00,0x00,0x00,0x00,0x00,0x00,0x00,0x00,0x00,0x00,0x00,0x00,0x00,0x1c,0x12,0x7c,0xa5,0x06,0x80,0x00,0x00},
    },
    {
        {0x00,0x00,0x00,0x00,0x00,0x00,0x00,0x00,0x00,0x00,0x00,0x00,0x00,0x00,0x00,0x00,0x00,0x00,0x00,0x00,0x00,0x00,0x00,0x00,0x00,0x00,0x00,0x00,0x00,0x00,0x00,0x00,0x00,0x00,0x00,0x00,0x00,0x00,0x00,0x00,0x00,0x00,0x00,0x00,0x00,0x00,0x00,0x00,0x00,0x00,0x00,0x00,0x00,0x00,0x00,0x00,0x00,0x00,0x00,0x00,0x00,0x00,0x00,0x00,0x00,0x00,0x00,0x00,0x00,0x00,0x00,0x00,0x00,0x00,0x00,0x00,0x00,0x00,0x00,0x00,0x00,0x00,0x00,0x00,0x00,0x00,0x00,0x1c,0x12,0x7c,0xa5,0x06,0x80,0x00,0x00},
        {0x00,0x00,0x00,0x00,0x00,0x00,0x00,0x00,0x00,0x00,0x00,0x00,0x00,0x00,0x00,0x00,0x00,0x00,0x00,0x00,0x00,0x00,0x00,0x00,0x00,0x00,0x00,0x00,0x00,0x00,0x00,0x00,0x00,0x00,0x00,0x00,0x00,0x00,0x00,0x00,0x00,0x00,0x00,0x00,0x00,0x00,0x00,0x00,0x00,0x00,0x00,0x00,0x00,0x00,0x00,0x00,0x00,0x00,0x00,0x00,0x00,0x00,0x00,0x00,0x00,0x00,0x00,0x00,0x00,0x00,0x00,0x00,0x00,0x00,0x00,0x00,0x00,0x00,0x00,0x00,0x00,0x00,0x00,0x00,0x00,0x00,0x00,0x1c,0x12,0x7c,0xa5,0x06,0x80,0x00,0x00},
    },
    {
        {0x00,0x00,0x00,0x00,0x00,0x00,0x00,0x00,0x00,0x00,0x00,0x00,0x00,0x00,0x00,0x00,0x00,0x00,0x00,0x00,0x00,0x00,0x00,0x00,0x00,0x00,0x00,0x00,0x00,0x00,0x00,0x00,0x00,0x00,0x00,0x00,0x00,0x00,0x00,0x00,0x00,0x00,0x00,0x00,0x00,0x00,0x00,0x00,0x00,0x00,0x00,0x00,0x00,0x00,0x00,0x00,0x00,0x00,0x00,0x00,0x00,0x00,0x00,0x00,0x00,0x00,0x00,0x00,0x00,0x00,0x00,0x00,0x00,0x00,0x00,0x00,0x00,0x00,0x00,0x00,0x00,0x00,0x00,0x00,0x00,0x00,0x00,0x1c,0x12,0x7c,0xa5,0x06,0x80,0x00,0x00},
        {0x00,0x00,0x00,0x00,0x00,0x00,0x00,0x00,0x00,0x00,0x00,0x00,0x00,0x00,0x00,0x00,0x00,0x00,0x00,0x00,0x00,0x00,0x00,0x00,0x00,0x00,0x00,0x00,0x00,0x00,0x00,0x00,0x00,0x00,0x00,0x00,0x00,0x00,0x00,0x00,0x00,0x00,0x00,0x00,0x00,0x00,0x00,0x00,0x00,0x00,0x00,0x00,0x00,0x00,0x00,0x00,0x00,0x00,0x00,0x00,0x00,0x00,0x00,0x00,0x00,0x00,0x00,0x00,0x00,0x00,0x00,0x00,0x00,0x00,0x00,0x00,0x00,0x00,0x00,0x00,0x00,0x00,0x00,0x00,0x00,0x00,0x00,0x1c,0x12,0x7c,0xa5,0x06,0x80,0x00,0x00},
    },
    {
        {0x00,0x00,0x00,0x00,0x00,0x00,0x00,0x00,0x00,0x00,0x00,0x00,0x00,0x00,0x00,0x00,0x00,0x00,0x00,0x00,0x00,0x00,0x00,0x00,0x00,0x00,0x00,0x00,0x00,0x00,0x00,0x00,0x00,0x00,0x00,0x00,0x00,0x00,0x00,0x00,0x00,0x00,0x00,0x00,0x00,0x00,0x00,0x00,0x00,0x00,0x00,0x00,0x00,0x00,0x00,0x00,0x00,0x00,0x00,0x00,0x00,0x00,0x00,0x00,0x00,0x00,0x00,0x00,0x00,0x00,0x00,0x00,0x00,0x00,0x00,0x00,0x00,0x00,0x00,0x00,0x00,0x00,0x00,0x00,0x00,0x00,0x00,0x1c,0x12,0x7c,0xa5,0x06,0x80,0x00,0x00},
        {0x00,0x00,0x00,0x00,0x00,0x00,0x00,0x00,0x00,0x00,0x00,0x00,0x00,0x00,0x00,0x00,0x00,0x00,0x00,0x00,0x00,0x00,0x00,0x00,0x00,0x00,0x00,0x00,0x00,0x00,0x00,0x00,0x00,0x00,0x00,0x00,0x00,0x00,0x00,0x00,0x00,0x00,0x00,0x00,0x00,0x00,0x00,0x00,0x00,0x00,0x00,0x00,0x00,0x00,0x00,0x00,0x00,0x00,0x00,0x00,0x00,0x00,0x00,0x00,0x00,0x00,0x00,0x00,0x00,0x00,0x00,0x00,0x00,0x00,0x00,0x00,0x00,0x00,0x00,0x00,0x00,0x00,0x00,0x00,0x00,0x00,0x00,0x1c,0x12,0x7c,0xa5,0x06,0x80,0x00,0x00},
    },
    {
        {0x00,0x00,0x00,0x00,0x00,0x00,0x00,0x00,0x00,0x00,0x00,0x00,0x00,0x00,0x00,0x00,0x00,0x00,0x00,0x00,0x00,0x00,0x00,0x00,0x00,0x00,0x00,0x00,0x00,0x00,0x00,0x00,0x00,0x00,0x00,0x00,0x00,0x00,0x00,0x00,0x00,0x00,0x00,0x00,0x00,0x00,0x00,0x00,0x00,0x00,0x00,0x00,0x00,0x00,0x00,0x00,0x00,0x00,0x00,0x00,0x00,0x00,0x00,0x00,0x00,0x00,0x00,0x00,0x00,0x00,0x00,0x00,0x00,0x00,0x00,0x00,0x00,0x00,0x00,0x00,0x00,0x00,0x00,0x00,0x00,0x00,0x00,0x1c,0x12,0x7c,0xa5,0x06,0x80,0x00,0x00},
        {0x00,0x00,0x00,0x00,0x00,0x00,0x00,0x00,0x00,0x00,0x00,0x00,0x00,0x00,0x00,0x00,0x00,0x00,0x00,0x00,0x00,0x00,0x00,0x00,0x00,0x00,0x00,0x00,0x00,0x00,0x00,0x00,0x00,0x00,0x00,0x00,0x00,0x00,0x00,0x00,0x00,0x00,0x00,0x00,0x00,0x00,0x00,0x00,0x00,0x00,0x00,0x00,0x00,0x00,0x00,0x00,0x00,0x00,0x00,0x00,0x00,0x00,0x00,0x00,0x00,0x00,0x00,0x00,0x00,0x00,0x00,0x00,0x00,0x00,0x00,0x00,0x00,0x00,0x00,0x00,0x00,0x00,0x00,0x00,0x00,0x00,0x00,0x1c,0x12,0x7c,0xa5,0x06,0x80,0x00,0x00},
    },
    {
        {0x00,0x00,0x00,0x00,0x00,0x00,0x00,0x00,0x00,0x00,0x00,0x00,0x00,0x00,0x00,0x00,0x00,0x00,0x00,0x00,0x00,0x00,0x00,0x00,0x00,0x00,0x00,0x00,0x00,0x00,0x00,0x00,0x00,0x00,0x00,0x00,0x00,0x00,0x00,0x00,0x00,0x00,0x00,0x00,0x00,0x00,0x00,0x00,0x00,0x00,0x00,0x00,0x00,0x00,0x00,0x00,0x00,0x00,0x00,0x00,0x00,0x00,0x00,0x00,0x00,0x00,0x00,0x00,0x00,0x00,0x00,0x00,0x00,0x00,0x00,0x00,0x00,0x00,0x00,0x00,0x00,0x00,0x00,0x00,0x00,0x00,0x00,0x1c,0x12,0x7c,0xa5,0x06,0x80,0x00,0x00},
        {0x00,0x00,0x00,0x00,0x00,0x00,0x00,0x00,0x00,0x00,0x00,0x00,0x00,0x00,0x00,0x00,0x00,0x00,0x00,0x00,0x00,0x00,0x00,0x00,0x00,0x00,0x00,0x00,0x00,0x00,0x00,0x00,0x00,0x00,0x00,0x00,0x00,0x00,0x00,0x00,0x00,0x00,0x00,0x00,0x00,0x00,0x00,0x00,0x00,0x00,0x00,0x00,0x00,0x00,0x00,0x00,0x00,0x00,0x00,0x00,0x00,0x00,0x00,0x00,0x00,0x00,0x00,0x00,0x00,0x00,0x00,0x00,0x00,0x00,0x00,0x00,0x00,0x00,0x00,0x00,0x00,0x00,0x00,0x00,0x00,0x00,0x00,0x1c,0x12,0x7c,0xa5,0x06,0x80,0x00,0x00},
    },
    {
        {0x00,0x00,0x00,0x00,0x00,0x00,0x00,0x00,0x00,0x00,0x00,0x00,0x00,0x00,0x00,0x00,0x00,0x00,0x00,0x00,0x00,0x00,0x00,0x00,0x00,0x00,0x00,0x00,0x00,0x00,0x00,0x00,0x00,0x00,0x00,0x00,0x00,0x00,0x00,0x00,0x00,0x00,0x00,0x00,0x00,0x00,0x00,0x00,0x00,0x00,0x00,0x00,0x00,0x00,0x00,0x00,0x00,0x00,0x00,0x00,0x00,0x00,0x00,0x00,0x00,0x00,0x00,0x00,0x00,0x00,0x00,0x00,0x00,0x00,0x00,0x00,0x00,0x00,0x00,0x00,0x00,0x00,0x00,0x00,0x00,0x00,0x00,0x1c,0x12,0x7c,0xa5,0x06,0x80,0x00,0x00},
        {0x00,0x00,0x00,0x00,0x00,0x00,0x00,0x00,0x00,0x00,0x00,0x00,0x00,0x00,0x00,0x00,0x00,0x00,0x00,0x00,0x00,0x00,0x00,0x00,0x00,0x00,0x00,0x00,0x00,0x00,0x00,0x00,0x00,0x00,0x00,0x00,0x00,0x00,0x00,0x00,0x00,0x00,0x00,0x00,0x00,0x00,0x00,0x00,0x00,0x00,0x00,0x00,0x00,0x00,0x00,0x00,0x00,0x00,0x00,0x00,0x00,0x00,0x00,0x00,0x00,0x00,0x00,0x00,0x00,0x00,0x00,0x00,0x00,0x00,0x00,0x00,0x00,0x00,0x00,0x00,0x00,0x00,0x00,0x00,0x00,0x00,0x00,0x1c,0x12,0x7c,0xa5,0x06,0x80,0x00,0x00},
    },
    {
        {0x00,0x00,0x00,0x00,0x00,0x00,0x00,0x00,0x00,0x00,0x00,0x00,0x00,0x00,0x00,0x00,0x00,0x00,0x00,0x00,0x00,0x00,0x00,0x00,0x00,0x00,0x00,0x00,0x00,0x00,0x00,0x00,0x00,0x00,0x00,0x00,0x00,0x00,0x00,0x00,0x00,0x00,0x00,0x00,0x00,0x00,0x00,0x00,0x00,0x00,0x00,0x00,0x00,0x00,0x00,0x00,0x00,0x00,0x00,0x00,0x00,0x00,0x00,0x00,0x00,0x00,0x00,0x00,0x00,0x00,0x00,0x00,0x00,0x00,0x00,0x00,0x00,0x00,0x00,0x00,0x00,0x00,0x00,0x00,0x00,0x00,0x00,0x1c,0x12,0x7c,0xa5,0x06,0x80,0x00,0x00},
        {0x00,0x00,0x00,0x00,0x00,0x00,0x00,0x00,0x00,0x00,0x00,0x00,0x00,0x00,0x00,0x00,0x00,0x00,0x00,0x00,0x00,0x00,0x00,0x00,0x00,0x00,0x00,0x00,0x00,0x00,0x00,0x00,0x00,0x00,0x00,0x00,0x00,0x00,0x00,0x00,0x00,0x00,0x00,0x00,0x00,0x00,0x00,0x00,0x00,0x00,0x00,0x00,0x00,0x00,0x00,0x00,0x00,0x00,0x00,0x00,0x00,0x00,0x00,0x00,0x00,0x00,0x00,0x00,0x00,0x00,0x00,0x00,0x00,0x00,0x00,0x00,0x00,0x00,0x00,0x00,0x00,0x00,0x00,0x00,0x00,0x00,0x00,0x1c,0x12,0x7c,0xa5,0x06,0x80,0x00,0x00},
    },
    {
        {0x00,0x00,0x00,0x00,0x00,0x00,0x00,0x00,0x00,0x00,0x00,0x00,0x00,0x00,0x00,0x00,0x00,0x00,0x00,0x00,0x00,0x00,0x00,0x00,0x00,0x00,0x00,0x00,0x00,0x00,0x00,0x00,0x00,0x00,0x00,0x00,0x00,0x00,0x00,0x00,0x00,0x00,0x00,0x00,0x00,0x00,0x00,0x00,0x00,0x00,0x00,0x00,0x00,0x00,0x00,0x00,0x00,0x00,0x00,0x00,0x00,0x00,0x00,0x00,0x00,0x00,0x00,0x00,0x00,0x00,0x00,0x00,0x00,0x00,0x00,0x00,0x00,0x00,0x00,0x00,0x00,0x00,0x00,0x00,0x00,0x00,0x00,0x1c,0x12,0x7c,0xa5,0x06,0x80,0x00,0x00},
        {0x00,0x00,0x00,0x00,0x00,0x00,0x00,0x00,0x00,0x00,0x00,0x00,0x00,0x00,0x00,0x00,0x00,0x00,0x00,0x00,0x00,0x00,0x00,0x00,0x00,0x00,0x00,0x00,0x00,0x00,0x00,0x00,0x00,0x00,0x00,0x00,0x00,0x00,0x00,0x00,0x00,0x00,0x00,0x00,0x00,0x00,0x00,0x00,0x00,0x00,0x00,0x00,0x00,0x00,0x00,0x00,0x00,0x00,0x00,0x00,0x00,0x00,0x00,0x00,0x00,0x00,0x00,0x00,0x00,0x00,0x00,0x00,0x00,0x00,0x00,0x00,0x00,0x00,0x00,0x00,0x00,0x00,0x00,0x00,0x00,0x00,0x00,0x1c,0x12,0x7c,0xa5,0x06,0x80,0x00,0x00},
    },
    {
        {0x00,0x00,0x00,0x00,0x00,0x00,0x00,0x00,0x00,0x00,0x00,0x00,0x00,0x00,0x00,0x00,0x00,0x00,0x00,0x00,0x00,0x00,0x00,0x00,0x00,0x00,0x00,0x00,0x00,0x00,0x00,0x00,0x00,0x00,0x00,0x00,0x00,0x00,0x00,0x00,0x00,0x00,0x00,0x00,0x00,0x00,0x00,0x00,0x00,0x00,0x00,0x00,0x00,0x00,0x00,0x00,0x00,0x00,0x00,0x00,0x00,0x00,0x00,0x00,0x00,0x00,0x00,0x00,0x00,0x00,0x00,0x00,0x00,0x00,0x00,0x00,0x00,0x00,0x00,0x00,0x00,0x00,0x00,0x00,0x00,0x00,0x00,0x1c,0x12,0x7c,0xa5,0x06,0x80,0x00,0x00},
        {0x00,0x00,0x00,0x00,0x00,0x00,0x00,0x00,0x00,0x00,0x00,0x00,0x00,0x00,0x00,0x00,0x00,0x00,0x00,0x00,0x00,0x00,0x00,0x00,0x00,0x00,0x00,0x00,0x00,0x00,0x00,0x00,0x00,0x00,0x00,0x00,0x00,0x00,0x00,0x00,0x00,0x00,0x00,0x00,0x00,0x00,0x00,0x00,0x00,0x00,0x00,0x00,0x00,0x00,0x00,0x00,0x00,0x00,0x00,0x00,0x00,0x00,0x00,0x00,0x00,0x00,0x00,0x00,0x00,0x00,0x00,0x00,0x00,0x00,0x00,0x00,0x00,0x00,0x00,0x00,0x00,0x00,0x00,0x00,0x00,0x00,0x00,0x1c,0x12,0x7c,0xa5,0x06,0x80,0x00,0x00},
    },
    {
        {0x00,0x00,0x00,0x00,0x00,0x00,0x00,0x00,0x00,0x00,0x00,0x00,0x00,0x00,0x00,0x00,0x00,0x00,0x00,0x00,0x00,0x00,0x00,0x00,0x00,0x00,0x00,0x00,0x00,0x00,0x00,0x00,0x00,0x00,0x00,0x00,0x00,0x00,0x00,0x00,0x00,0x00,0x00,0x00,0x00,0x00,0x00,0x00,0x00,0x00,0x00,0x00,0x00,0x00,0x00,0x00,0x00,0x00,0x00,0x00,0x00,0x00,0x00,0x00,0x00,0x00,0x00,0x00,0x00,0x00,0x00,0x00,0x00,0x00,0x00,0x00,0x00,0x00,0x00,0x00,0x00,0x00,0x00,0x00,0x00,0x00,0x00,0x1c,0x12,0x7c,0xa5,0x06,0x80,0x00,0x00},
        {0x00,0x00,0x00,0x00,0x00,0x00,0x00,0x00,0x00,0x00,0x00,0x00,0x00,0x00,0x00,0x00,0x00,0x00,0x00,0x00,0x00,0x00,0x00,0x00,0x00,0x00,0x00,0x00,0x00,0x00,0x00,0x00,0x00,0x00,0x00,0x00,0x00,0x00,0x00,0x00,0x00,0x00,0x00,0x00,0x00,0x00,0x00,0x00,0x00,0x00,0x00,0x00,0x00,0x00,0x00,0x00,0x00,0x00,0x00,0x00,0x00,0x00,0x00,0x00,0x00,0x00,0x00,0x00,0x00,0x00,0x00,0x00,0x00,0x00,0x00,0x00,0x00,0x00,0x00,0x00,0x00,0x00,0x00,0x00,0x00,0x00,0x00,0x1c,0x12,0x7c,0xa5,0x06,0x80,0x00,0x00},
    },
    {
        {0x00,0x00,0x00,0x00,0x00,0x00,0x00,0x00,0x00,0x00,0x00,0x00,0x00,0x00,0x00,0x00,0x00,0x00,0x00,0x00,0x00,0x00,0x00,0x00,0x00,0x00,0x00,0x00,0x00,0x00,0x00,0x00,0x00,0x00,0x00,0x00,0x00,0x00,0x00,0x00,0x00,0x00,0x00,0x00,0x00,0x00,0x00,0x00,0x00,0x00,0x00,0x00,0x00,0x00,0x00,0x00,0x00,0x00,0x00,0x00,0x00,0x00,0x00,0x00,0x00,0x00,0x00,0x00,0x00,0x00,0x00,0x00,0x00,0x00,0x00,0x00,0x00,0x00,0x00,0x00,0x00,0x00,0x00,0x00,0x00,0x00,0x00,0x1c,0x12,0x7c,0xa5,0x06,0x80,0x00,0x00},
        {0x00,0x00,0x00,0x00,0x00,0x00,0x00,0x00,0x00,0x00,0x00,0x00,0x00,0x00,0x00,0x00,0x00,0x00,0x00,0x00,0x00,0x00,0x00,0x00,0x00,0x00,0x00,0x00,0x00,0x00,0x00,0x00,0x00,0x00,0x00,0x00,0x00,0x00,0x00,0x00,0x00,0x00,0x00,0x00,0x00,0x00,0x00,0x00,0x00,0x00,0x00,0x00,0x00,0x00,0x00,0x00,0x00,0x00,0x00,0x00,0x00,0x00,0x00,0x00,0x00,0x00,0x00,0x00,0x00,0x00,0x00,0x00,0x00,0x00,0x00,0x00,0x00,0x00,0x00,0x00,0x00,0x00,0x00,0x00,0x00,0x00,0x00,0x1c,0x12,0x7c,0xa5,0x06,0x80,0x00,0x00},
    },
    {
        {0x00,0x00,0x00,0x00,0x00,0x00,0x00,0x00,0x00,0x00,0x00,0x00,0x00,0x00,0x00,0x00,0x00,0x00,0x00,0x00,0x00,0x00,0x00,0x00,0x00,0x00,0x00,0x00,0x00,0x00,0x00,0x00,0x00,0x00,0x00,0x00,0x00,0x00,0x00,0x00,0x00,0x00,0x00,0x00,0x00,0x00,0x00,0x00,0x00,0x00,0x00,0x00,0x00,0x00,0x00,0x00,0x00,0x00,0x00,0x00,0x00,0x00,0x00,0x00,0x00,0x00,0x00,0x00,0x00,0x00,0x00,0x00,0x00,0x00,0x00,0x00,0x00,0x00,0x00,0x00,0x00,0x00,0x00,0x00,0x00,0x00,0x00,0x1c,0x12,0x7c,0xa5,0x06,0x80,0x00,0x00},
        {0x00,0x00,0x00,0x00,0x00,0x00,0x00,0x00,0x00,0x00,0x00,0x00,0x00,0x00,0x00,0x00,0x00,0x00,0x00,0x00,0x00,0x00,0x00,0x00,0x00,0x00,0x00,0x00,0x00,0x00,0x00,0x00,0x00,0x00,0x00,0x00,0x00,0x00,0x00,0x00,0x00,0x00,0x00,0x00,0x00,0x00,0x00,0x00,0x00,0x00,0x00,0x00,0x00,0x00,0x00,0x00,0x00,0x00,0x00,0x00,0x00,0x00,0x00,0x00,0x00,0x00,0x00,0x00,0x00,0x00,0x00,0x00,0x00,0x00,0x00,0x00,0x00,0x00,0x00,0x00,0x00,0x00,0x00,0x00,0x00,0x00,0x00,0x1c,0x12,0x7c,0xa5,0x06,0x80,0x00,0x00},
    },
    {
        {0x00,0x00,0x00,0x00,0x00,0x00,0x00,0x00,0x00,0x00,0x00,0x00,0x00,0x00,0x00,0x00,0x00,0x00,0x00,0x00,0x00,0x00,0x00,0x00,0x00,0x00,0x00,0x00,0x00,0x00,0x00,0x00,0x00,0x00,0x00,0x00,0x00,0x00,0x00,0x00,0x00,0x00,0x00,0x00,0x00,0x00,0x00,0x00,0x00,0x00,0x00,0x00,0x00,0x00,0x00,0x00,0x00,0x00,0x00,0x00,0x00,0x00,0x00,0x00,0x00,0x00,0x00,0x00,0x00,0x00,0x00,0x00,0x00,0x00,0x00,0x00,0x00,0x00,0x00,0x00,0x00,0x00,0x00,0x00,0x00,0x00,0x00,0x1c,0x12,0x7c,0xa5,0x06,0x80,0x00,0x00},
        {0x00,0x00,0x00,0x00,0x00,0x00,0x00,0x00,0x00,0x00,0x00,0x00,0x00,0x00,0x00,0x00,0x00,0x00,0x00,0x00,0x00,0x00,0x00,0x00,0x00,0x00,0x00,0x00,0x00,0x00,0x00,0x00,0x00,0x00,0x00,0x00,0x00,0x00,0x00,0x00,0x00,0x00,0x00,0x00,0x00,0x00,0x00,0x00,0x00,0x00,0x00,0x00,0x00,0x00,0x00,0x00,0x00,0x00,0x00,0x00,0x00,0x00,0x00,0x00,0x00,0x00,0x00,0x00,0x00,0x00,0x00,0x00,0x00,0x00,0x00,0x00,0x00,0x00,0x00,0x00,0x00,0x00,0x00,0x00,0x00,0x00,0x00,0x1c,0x12,0x7c,0xa5,0x06,0x80,0x00,0x00},
    },
    {
        {0x00,0x00,0x00,0x00,0x00,0x00,0x00,0x00,0x00,0x00,0x00,0x00,0x00,0x00,0x00,0x00,0x00,0x00,0x00,0x00,0x00,0x00,0x00,0x00,0x00,0x00,0x00,0x00,0x00,0x00,0x00,0x00,0x00,0x00,0x00,0x00,0x00,0x00,0x00,0x00,0x00,0x00,0x00,0x00,0x00,0x00,0x00,0x00,0x00,0x00,0x00,0x00,0x00,0x00,0x00,0x00,0x00,0x00,0x00,0x00,0x00,0x00,0x00,0x00,0x00,0x00,0x00,0x00,0x00,0x00,0x00,0x00,0x00,0x00,0x00,0x00,0x00,0x00,0x00,0x00,0x00,0x00,0x00,0x00,0x00,0x00,0x00,0x1c,0x12,0x7c,0xa5,0x06,0x80,0x00,0x00},
        {0x00,0x00,0x00,0x00,0x00,0x00,0x00,0x00,0x00,0x00,0x00,0x00,0x00,0x00,0x00,0x00,0x00,0x00,0x00,0x00,0x00,0x00,0x00,0x00,0x00,0x00,0x00,0x00,0x00,0x00,0x00,0x00,0x00,0x00,0x00,0x00,0x00,0x00,0x00,0x00,0x00,0x00,0x00,0x00,0x00,0x00,0x00,0x00,0x00,0x00,0x00,0x00,0x00,0x00,0x00,0x00,0x00,0x00,0x00,0x00,0x00,0x00,0x00,0x00,0x00,0x00,0x00,0x00,0x00,0x00,0x00,0x00,0x00,0x00,0x00,0x00,0x00,0x00,0x00,0x00,0x00,0x00,0x00,0x00,0x00,0x00,0x00,0x1c,0x12,0x7c,0xa5,0x06,0x80,0x00,0x00},
    },
    {
        {0x00,0x00,0x00,0x00,0x00,0x00,0x00,0x00,0x00,0x00,0x00,0x00,0x00,0x00,0x00,0x00,0x00,0x00,0x00,0x00,0x00,0x00,0x00,0x00,0x00,0x00,0x00,0x00,0x00,0x00,0x00,0x00,0x00,0x00,0x00,0x00,0x00,0x00,0x00,0x00,0x00,0x00,0x00,0x00,0x00,0x00,0x00,0x00,0x00,0x00,0x00,0x00,0x00,0x00,0x00,0x00,0x00,0x00,0x00,0x00,0x00,0x00,0x00,0x00,0x00,0x00,0x00,0x00,0x00,0x00,0x00,0x00,0x00,0x00,0x00,0x00,0x00,0x00,0x00,0x00,0x00,0x00,0x00,0x00,0x00,0x00,0x00,0x1c,0x12,0x7c,0xa5,0x06,0x80,0x00,0x00},
        {0x00,0x00,0x00,0x00,0x00,0x00,0x00,0x00,0x00,0x00,0x00,0x00,0x00,0x00,0x00,0x00,0x00,0x00,0x00,0x00,0x00,0x00,0x00,0x00,0x00,0x00,0x00,0x00,0x00,0x00,0x00,0x00,0x00,0x00,0x00,0x00,0x00,0x00,0x00,0x00,0x00,0x00,0x00,0x00,0x00,0x00,0x00,0x00,0x00,0x00,0x00,0x00,0x00,0x00,0x00,0x00,0x00,0x00,0x00,0x00,0x00,0x00,0x00,0x00,0x00,0x00,0x00,0x00,0x00,0x00,0x00,0x00,0x00,0x00,0x00,0x00,0x00,0x00,0x00,0x00,0x00,0x00,0x00,0x00,0x00,0x00,0x00,0x1c,0x12,0x7c,0xa5,0x06,0x80,0x00,0x00},
    },
    {
        {0x00,0x00,0x00,0x00,0x00,0x00,0x00,0x00,0x00,0x00,0x00,0x00,0x00,0x00,0x00,0x00,0x00,0x00,0x00,0x00,0x00,0x00,0x00,0x00,0x00,0x00,0x00,0x00,0x00,0x00,0x00,0x00,0x00,0x00,0x00,0x00,0x00,0x00,0x00,0x00,0x00,0x00,0x00,0x00,0x00,0x00,0x00,0x00,0x00,0x00,0x00,0x00,0x00,0x00,0x00,0x00,0x00,0x00,0x00,0x00,0x00,0x00,0x00,0x00,0x00,0x00,0x00,0x00,0x00,0x00,0x00,0x00,0x00,0x00,0x00,0x00,0x00,0x00,0x00,0x00,0x00,0x00,0x00,0x00,0x00,0x00,0x00,0x1c,0x12,0x7c,0xa5,0x06,0x80,0x00,0x00},
        {0x00,0x00,0x00,0x00,0x00,0x00,0x00,0x00,0x00,0x00,0x00,0x00,0x00,0x00,0x00,0x00,0x00,0x00,0x00,0x00,0x00,0x00,0x00,0x00,0x00,0x00,0x00,0x00,0x00,0x00,0x00,0x00,0x00,0x00,0x00,0x00,0x00,0x00,0x00,0x00,0x00,0x00,0x00,0x00,0x00,0x00,0x00,0x00,0x00,0x00,0x00,0x00,0x00,0x00,0x00,0x00,0x00,0x00,0x00,0x00,0x00,0x00,0x00,0x00,0x00,0x00,0x00,0x00,0x00,0x00,0x00,0x00,0x00,0x00,0x00,0x00,0x00,0x00,0x00,0x00,0x00,0x00,0x00,0x00,0x00,0x00,0x00,0x1c,0x12,0x7c,0xa5,0x06,0x80,0x00,0x00},
    },
    {
        {0x00,0x00,0x00,0x00,0x00,0x00,0x00,0x00,0x00,0x00,0x00,0x00,0x00,0x00,0x00,0x00,0x00,0x00,0x00,0x00,0x00,0x00,0x00,0x00,0x00,0x00,0x00,0x00,0x00,0x00,0x00,0x00,0x00,0x00,0x00,0x00,0x00,0x00,0x00,0x00,0x00,0x00,0x00,0x00,0x00,0x00,0x00,0x00,0x00,0x00,0x00,0x00,0x00,0x00,0x00,0x00,0x00,0x00,0x00,0x00,0x00,0x00,0x00,0x00,0x00,0x00,0x00,0x00,0x00,0x00,0x00,0x00,0x00,0x00,0x00,0x00,0x00,0x00,0x00,0x00,0x00,0x00,0x00,0x00,0x00,0x00,0x00,0x1c,0x12,0x7c,0xa5,0x06,0x80,0x00,0x00},
        {0x00,0x00,0x00,0x00,0x00,0x00,0x00,0x00,0x00,0x00,0x00,0x00,0x00,0x00,0x00,0x00,0x00,0x00,0x00,0x00,0x00,0x00,0x00,0x00,0x00,0x00,0x00,0x00,0x00,0x00,0x00,0x00,0x00,0x00,0x00,0x00,0x00,0x00,0x00,0x00,0x00,0x00,0x00,0x00,0x00,0x00,0x00,0x00,0x00,0x00,0x00,0x00,0x00,0x00,0x00,0x00,0x00,0x00,0x00,0x00,0x00,0x00,0x00,0x00,0x00,0x00,0x00,0x00,0x00,0x00,0x00,0x00,0x00,0x00,0x00,0x00,0x00,0x00,0x00,0x00,0x00,0x00,0x00,0x00,0x00,0x00,0x00,0x1c,0x12,0x7c,0xa5,0x06,0x80,0x00,0x00},
    },
    {
        {0x00,0x00,0x00,0x00,0x00,0x00,0x00,0x00,0x00,0x00,0x00,0x00,0x00,0x00,0x00,0x00,0x00,0x00,0x00,0x00,0x00,0x00,0x00,0x00,0x00,0x00,0x00,0x00,0x00,0x00,0x00,0x00,0x00,0x00,0x00,0x00,0x00,0x00,0x00,0x00,0x00,0x00,0x00,0x00,0x00,0x00,0x00,0x00,0x00,0x00,0x00,0x00,0x00,0x00,0x00,0x00,0x00,0x00,0x00,0x00,0x00,0x00,0x00,0x00,0x00,0x00,0x00,0x00,0x00,0x00,0x00,0x00,0x00,0x00,0x00,0x00,0x00,0x00,0x00,0x00,0x00,0x00,0x00,0x00,0x00,0x00,0x00,0x1c,0x12,0x7c,0xa5,0x06,0x80,0x00,0x00},
        {0x00,0x00,0x00,0x00,0x00,0x00,0x00,0x00,0x00,0x00,0x00,0x00,0x00,0x00,0x00,0x00,0x00,0x00,0x00,0x00,0x00,0x00,0x00,0x00,0x00,0x00,0x00,0x00,0x00,0x00,0x00,0x00,0x00,0x00,0x00,0x00,0x00,0x00,0x00,0x00,0x00,0x00,0x00,0x00,0x00,0x00,0x00,0x00,0x00,0x00,0x00,0x00,0x00,0x00,0x00,0x00,0x00,0x00,0x00,0x00,0x00,0x00,0x00,0x00,0x00,0x00,0x00,0x00,0x00,0x00,0x00,0x00,0x00,0x00,0x00,0x00,0x00,0x00,0x00,0x00,0x00,0x00,0x00,0x00,0x00,0x00,0x00,0x1c,0x12,0x7c,0xa5,0x06,0x80,0x00,0x00},
    },
    {
        {0x00,0x00,0x00,0x00,0x00,0x00,0x00,0x00,0x00,0x00,0x00,0x00,0x00,0x00,0x00,0x00,0x00,0x00,0x00,0x00,0x00,0x00,0x00,0x00,0x00,0x00,0x00,0x00,0x00,0x00,0x00,0x00,0x00,0x00,0x00,0x00,0x00,0x00,0x00,0x00,0x00,0x00,0x00,0x00,0x00,0x00,0x00,0x00,0x00,0x00,0x00,0x00,0x00,0x00,0x00,0x00,0x00,0x00,0x00,0x00,0x00,0x00,0x00,0x00,0x00,0x00,0x00,0x00,0x00,0x00,0x00,0x00,0x00,0x00,0x00,0x00,0x00,0x00,0x00,0x00,0x00,0x00,0x00,0x00,0x00,0x00,0x00,0x1c,0x12,0x7c,0xa5,0x06,0x80,0x00,0x00},
        {0x00,0x00,0x00,0x00,0x00,0x00,0x00,0x00,0x00,0x00,0x00,0x00,0x00,0x00,0x00,0x00,0x00,0x00,0x00,0x00,0x00,0x00,0x00,0x00,0x00,0x00,0x00,0x00,0x00,0x00,0x00,0x00,0x00,0x00,0x00,0x00,0x00,0x00,0x00,0x00,0x00,0x00,0x00,0x00,0x00,0x00,0x00,0x00,0x00,0x00,0x00,0x00,0x00,0x00,0x00,0x00,0x00,0x00,0x00,0x00,0x00,0x00,0x00,0x00,0x00,0x00,0x00,0x00,0x00,0x00,0x00,0x00,0x00,0x00,0x00,0x00,0x00,0x00,0x00,0x00,0x00,0x00,0x00,0x00,0x00,0x00,0x00,0x1c,0x12,0x7c,0xa5,0x06,0x80,0x00,0x00},
    },
    {
        {0x00,0x00,0x00,0x00,0x00,0x00,0x00,0x00,0x00,0x00,0x00,0x00,0x00,0x00,0x00,0x00,0x00,0x00,0x00,0x00,0x00,0x00,0x00,0x00,0x00,0x00,0x00,0x00,0x00,0x00,0x00,0x00,0x00,0x00,0x00,0x00,0x00,0x00,0x00,0x00,0x00,0x00,0x00,0x00,0x00,0x00,0x00,0x00,0x00,0x00,0x00,0x00,0x00,0x00,0x00,0x00,0x00,0x00,0x00,0x00,0x00,0x00,0x00,0x00,0x00,0x00,0x00,0x00,0x00,0x00,0x00,0x00,0x00,0x00,0x00,0x00,0x00,0x00,0x00,0x00,0x00,0x00,0x00,0x00,0x00,0x00,0x00,0x1c,0x12,0x7c,0xa5,0x06,0x80,0x00,0x00},
        {0x00,0x00,0x00,0x00,0x00,0x00,0x00,0x00,0x00,0x00,0x00,0x00,0x00,0x00,0x00,0x00,0x00,0x00,0x00,0x00,0x00,0x00,0x00,0x00,0x00,0x00,0x00,0x00,0x00,0x00,0x00,0x00,0x00,0x00,0x00,0x00,0x00,0x00,0x00,0x00,0x00,0x00,0x00,0x00,0x00,0x00,0x00,0x00,0x00,0x00,0x00,0x00,0x00,0x00,0x00,0x00,0x00,0x00,0x00,0x00,0x00,0x00,0x00,0x00,0x00,0x00,0x00,0x00,0x00,0x00,0x00,0x00,0x00,0x00,0x00,0x00,0x00,0x00,0x00,0x00,0x00,0x00,0x00,0x00,0x00,0x00,0x00,0x1c,0x12,0x7c,0xa5,0x06,0x80,0x00,0x00},
    },
    {
        {0x00,0x00,0x00,0x00,0x00,0x00,0x00,0x00,0x00,0x00,0x00,0x00,0x00,0x00,0x00,0x00,0x00,0x00,0x00,0x00,0x00,0x00,0x00,0x00,0x00,0x00,0x00,0x00,0x00,0x00,0x00,0x00,0x00,0x00,0x00,0x00,0x00,0x00,0x00,0x00,0x00,0x00,0x00,0x00,0x00,0x00,0x00,0x00,0x00,0x00,0x00,0x00,0x00,0x00,0x00,0x00,0x00,0x00,0x00,0x00,0x00,0x00,0x00,0x00,0x00,0x00,0x00,0x00,0x00,0x00,0x00,0x00,0x00,0x00,0x00,0x00,0x00,0x00,0x00,0x00,0x00,0x00,0x00,0x00,0x00,0x00,0x00,0x1c,0x12,0x7c,0xa5,0x06,0x80,0x00,0x00},
        {0x00,0x00,0x00,0x00,0x00,0x00,0x00,0x00,0x00,0x00,0x00,0x00,0x00,0x00,0x00,0x00,0x00,0x00,0x00,0x00,0x00,0x00,0x00,0x00,0x00,0x00,0x00,0x00,0x00,0x00,0x00,0x00,0x00,0x00,0x00,0x00,0x00,0x00,0x00,0x00,0x00,0x00,0x00,0x00,0x00,0x00,0x00,0x00,0x00,0x00,0x00,0x00,0x00,0x00,0x00,0x00,0x00,0x00,0x00,0x00,0x00,0x00,0x00,0x00,0x00,0x00,0x00,0x00,0x00,0x00,0x00,0x00,0x00,0x00,0x00,0x00,0x00,0x00,0x00,0x00,0x00,0x00,0x00,0x00,0x00,0x00,0x00,0x1c,0x12,0x7c,0xa5,0x06,0x80,0x00,0x00},
    },
    {
        {0x00,0x00,0x00,0x00,0x00,0x00,0x00,0x00,0x00,0x00,0x00,0x00,0x00,0x00,0x00,0x00,0x00,0x00,0x00,0x00,0x00,0x00,0x00,0x00,0x00,0x00,0x00,0x00,0x00,0x00,0x00,0x00,0x00,0x00,0x00,0x00,0x00,0x00,0x00,0x00,0x00,0x00,0x00,0x00,0x00,0x00,0x00,0x00,0x00,0x00,0x00,0x00,0x00,0x00,0x00,0x00,0x00,0x00,0x00,0x00,0x00,0x00,0x00,0x00,0x00,0x00,0x00,0x00,0x00,0x00,0x00,0x00,0x00,0x00,0x00,0x00,0x00,0x00,0x00,0x00,0x00,0x00,0x00,0x00,0x00,0x00,0x00,0x1c,0x12,0x7c,0xa5,0x06,0x80,0x00,0x00},
        {0x00,0x00,0x00,0x00,0x00,0x00,0x00,0x00,0x00,0x00,0x00,0x00,0x00,0x00,0x00,0x00,0x00,0x00,0x00,0x00,0x00,0x00,0x00,0x00,0x00,0x00,0x00,0x00,0x00,0x00,0x00,0x00,0x00,0x00,0x00,0x00,0x00,0x00,0x00,0x00,0x00,0x00,0x00,0x00,0x00,0x00,0x00,0x00,0x00,0x00,0x00,0x00,0x00,0x00,0x00,0x00,0x00,0x00,0x00,0x00,0x00,0x00,0x00,0x00,0x00,0x00,0x00,0x00,0x00,0x00,0x00,0x00,0x00,0x00,0x00,0x00,0x00,0x00,0x00,0x00,0x00,0x00,0x00,0x00,0x00,0x00,0x00,0x1c,0x12,0x7c,0xa5,0x06,0x80,0x00,0x00},
    },
    {
        {0x00,0x00,0x00,0x00,0x00,0x00,0x00,0x00,0x00,0x00,0x00,0x00,0x00,0x00,0x00,0x00,0x00,0x00,0x00,0x00,0x00,0x00,0x00,0x00,0x00,0x00,0x00,0x00,0x00,0x00,0x00,0x00,0x00,0x00,0x00,0x00,0x00,0x00,0x00,0x00,0x00,0x00,0x00,0x00,0x00,0x00,0x00,0x00,0x00,0x00,0x00,0x00,0x00,0x00,0x00,0x00,0x00,0x00,0x00,0x00,0x00,0x00,0x00,0x00,0x00,0x00,0x00,0x00,0x00,0x00,0x00,0x00,0x00,0x00,0x00,0x00,0x00,0x00,0x00,0x00,0x00,0x00,0x00,0x00,0x00,0x00,0x00,0x1c,0x12,0x7c,0xa5,0x06,0x80,0x00,0x00},
        {0x00,0x00,0x00,0x00,0x00,0x00,0x00,0x00,0x00,0x00,0x00,0x00,0x00,0x00,0x00,0x00,0x00,0x00,0x00,0x00,0x00,0x00,0x00,0x00,0x00,0x00,0x00,0x00,0x00,0x00,0x00,0x00,0x00,0x00,0x00,0x00,0x00,0x00,0x00,0x00,0x00,0x00,0x00,0x00,0x00,0x00,0x00,0x00,0x00,0x00,0x00,0x00,0x00,0x00,0x00,0x00,0x00,0x00,0x00,0x00,0x00,0x00,0x00,0x00,0x00,0x00,0x00,0x00,0x00,0x00,0x00,0x00,0x00,0x00,0x00,0x00,0x00,0x00,0x00,0x00,0x00,0x00,0x00,0x00,0x00,0x00,0x00,0x1c,0x12,0x7c,0xa5,0x06,0x80,0x00,0x00},
    },
    {
        {0x00,0x00,0x00,0x00,0x00,0x00,0x00,0x00,0x00,0x00,0x00,0x00,0x00,0x00,0x00,0x00,0x00,0x00,0x00,0x00,0x00,0x00,0x00,0x00,0x00,0x00,0x00,0x00,0x00,0x00,0x00,0x00,0x00,0x00,0x00,0x00,0x00,0x00,0x00,0x00,0x00,0x00,0x00,0x00,0x00,0x00,0x00,0x00,0x00,0x00,0x00,0x00,0x00,0x00,0x00,0x00,0x00,0x00,0x00,0x00,0x00,0x00,0x00,0x00,0x00,0x00,0x00,0x00,0x00,0x00,0x00,0x00,0x00,0x00,0x00,0x00,0x00,0x00,0x00,0x00,0x00,0x00,0x00,0x00,0x00,0x00,0x00,0x1c,0x12,0x7c,0xa5,0x06,0x80,0x00,0x00},
        {0x00,0x00,0x00,0x00,0x00,0x00,0x00,0x00,0x00,0x00,0x00,0x00,0x00,0x00,0x00,0x00,0x00,0x00,0x00,0x00,0x00,0x00,0x00,0x00,0x00,0x00,0x00,0x00,0x00,0x00,0x00,0x00,0x00,0x00,0x00,0x00,0x00,0x00,0x00,0x00,0x00,0x00,0x00,0x00,0x00,0x00,0x00,0x00,0x00,0x00,0x00,0x00,0x00,0x00,0x00,0x00,0x00,0x00,0x00,0x00,0x00,0x00,0x00,0x00,0x00,0x00,0x00,0x00,0x00,0x00,0x00,0x00,0x00,0x00,0x00,0x00,0x00,0x00,0x00,0x00,0x00,0x00,0x00,0x00,0x00,0x00,0x00,0x1c,0x12,0x7c,0xa5,0x06,0x80,0x00,0x00},
    },
    {
        {0x00,0x00,0x00,0x00,0x00,0x00,0x00,0x00,0x00,0x00,0x00,0x00,0x00,0x00,0x00,0x00,0x00,0x00,0x00,0x00,0x00,0x00,0x00,0x00,0x00,0x00,0x00,0x00,0x00,0x00,0x00,0x00,0x00,0x00,0x00,0x00,0x00,0x00,0x00,0x00,0x00,0x00,0x00,0x00,0x00,0x00,0x00,0x00,0x00,0x00,0x00,0x00,0x00,0x00,0x00,0x00,0x00,0x00,0x00,0x00,0x00,0x00,0x00,0x00,0x00,0x00,0x00,0x00,0x00,0x00,0x00,0x00,0x00,0x00,0x00,0x00,0x00,0x00,0x00,0x00,0x00,0x00,0x00,0x00,0x00,0x00,0x00,0x1c,0x12,0x7c,0xa5,0x06,0x80,0x00,0x00},
        {0x00,0x00,0x00,0x00,0x00,0x00,0x00,0x00,0x00,0x00,0x00,0x00,0x00,0x00,0x00,0x00,0x00,0x00,0x00,0x00,0x00,0x00,0x00,0x00,0x00,0x00,0x00,0x00,0x00,0x00,0x00,0x00,0x00,0x00,0x00,0x00,0x00,0x00,0x00,0x00,0x00,0x00,0x00,0x00,0x00,0x00,0x00,0x00,0x00,0x00,0x00,0x00,0x00,0x00,0x00,0x00,0x00,0x00,0x00,0x00,0x00,0x00,0x00,0x00,0x00,0x00,0x00,0x00,0x00,0x00,0x00,0x00,0x00,0x00,0x00,0x00,0x00,0x00,0x00,0x00,0x00,0x00,0x00,0x00,0x00,0x00,0x00,0x1c,0x12,0x7c,0xa5,0x06,0x80,0x00,0x00},
    },
    {
        {0x00,0x00,0x00,0x00,0x00,0x00,0x00,0x00,0x00,0x00,0x00,0x00,0x00,0x00,0x00,0x00,0x00,0x00,0x00,0x00,0x00,0x00,0x00,0x00,0x00,0x00,0x00,0x00,0x00,0x00,0x00,0x00,0x00,0x00,0x00,0x00,0x00,0x00,0x00,0x00,0x00,0x00,0x00,0x00,0x00,0x00,0x00,0x00,0x00,0x00,0x00,0x00,0x00,0x00,0x00,0x00,0x00,0x00,0x00,0x00,0x00,0x00,0x00,0x00,0x00,0x00,0x00,0x00,0x00,0x00,0x00,0x00,0x00,0x00,0x00,0x00,0x00,0x00,0x00,0x00,0x00,0x00,0x00,0x00,0x00,0x00,0x00,0x1c,0x12,0x7c,0xa5,0x06,0x80,0x00,0x00},
        {0x00,0x00,0x00,0x00,0x00,0x00,0x00,0x00,0x00,0x00,0x00,0x00,0x00,0x00,0x00,0x00,0x00,0x00,0x00,0x00,0x00,0x00,0x00,0x00,0x00,0x00,0x00,0x00,0x00,0x00,0x00,0x00,0x00,0x00,0x00,0x00,0x00,0x00,0x00,0x00,0x00,0x00,0x00,0x00,0x00,0x00,0x00,0x00,0x00,0x00,0x00,0x00,0x00,0x00,0x00,0x00,0x00,0x00,0x00,0x00,0x00,0x00,0x00,0x00,0x00,0x00,0x00,0x00,0x00,0x00,0x00,0x00,0x00,0x00,0x00,0x00,0x00,0x00,0x00,0x00,0x00,0x00,0x00,0x00,0x00,0x00,0x00,0x1c,0x12,0x7c,0xa5,0x06,0x80,0x00,0x00},
    },
    {
        {0x00,0x00,0x00,0x00,0x00,0x00,0x00,0x00,0x00,0x00,0x00,0x00,0x00,0x00,0x00,0x00,0x00,0x00,0x00,0x00,0x00,0x00,0x00,0x00,0x00,0x00,0x00,0x00,0x00,0x00,0x00,0x00,0x00,0x00,0x00,0x00,0x00,0x00,0x00,0x00,0x00,0x00,0x00,0x00,0x00,0x00,0x00,0x00,0x00,0x00,0x00,0x00,0x00,0x00,0x00,0x00,0x00,0x00,0x00,0x00,0x00,0x00,0x00,0x00,0x00,0x00,0x00,0x00,0x00,0x00,0x00,0x00,0x00,0x00,0x00,0x00,0x00,0x00,0x00,0x00,0x00,0x00,0x00,0x00,0x00,0x00,0x00,0x1c,0x12,0x7c,0xa5,0x06,0x80,0x00,0x00},
        {0x00,0x00,0x00,0x00,0x00,0x00,0x00,0x00,0x00,0x00,0x00,0x00,0x00,0x00,0x00,0x00,0x00,0x00,0x00,0x00,0x00,0x00,0x00,0x00,0x00,0x00,0x00,0x00,0x00,0x00,0x00,0x00,0x00,0x00,0x00,0x00,0x00,0x00,0x00,0x00,0x00,0x00,0x00,0x00,0x00,0x00,0x00,0x00,0x00,0x00,0x00,0x00,0x00,0x00,0x00,0x00,0x00,0x00,0x00,0x00,0x00,0x00,0x00,0x00,0x00,0x00,0x00,0x00,0x00,0x00,0x00,0x00,0x00,0x00,0x00,0x00,0x00,0x00,0x00,0x00,0x00,0x00,0x00,0x00,0x00,0x00,0x00,0x1c,0x12,0x7c,0xa5,0x06,0x80,0x00,0x00},
    },
    {
        {0x00,0x00,0x00,0x00,0x00,0x00,0x00,0x00,0x00,0x00,0x00,0x00,0x00,0x00,0x00,0x00,0x00,0x00,0x00,0x00,0x00,0x00,0x00,0x00,0x00,0x00,0x00,0x00,0x00,0x00,0x00,0x00,0x00,0x00,0x00,0x00,0x00,0x00,0x00,0x00,0x00,0x00,0x00,0x00,0x00,0x00,0x00,0x00,0x00,0x00,0x00,0x00,0x00,0x00,0x00,0x00,0x00,0x00,0x00,0x00,0x00,0x00,0x00,0x00,0x00,0x00,0x00,0x00,0x00,0x00,0x00,0x00,0x00,0x00,0x00,0x00,0x00,0x00,0x00,0x00,0x00,0x00,0x00,0x00,0x00,0x00,0x00,0x1c,0x12,0x7c,0xa5,0x06,0x80,0x00,0x00},
        {0x00,0x00,0x00,0x00,0x00,0x00,0x00,0x00,0x00,0x00,0x00,0x00,0x00,0x00,0x00,0x00,0x00,0x00,0x00,0x00,0x00,0x00,0x00,0x00,0x00,0x00,0x00,0x00,0x00,0x00,0x00,0x00,0x00,0x00,0x00,0x00,0x00,0x00,0x00,0x00,0x00,0x00,0x00,0x00,0x00,0x00,0x00,0x00,0x00,0x00,0x00,0x00,0x00,0x00,0x00,0x00,0x00,0x00,0x00,0x00,0x00,0x00,0x00,0x00,0x00,0x00,0x00,0x00,0x00,0x00,0x00,0x00,0x00,0x00,0x00,0x00,0x00,0x00,0x00,0x00,0x00,0x00,0x00,0x00,0x00,0x00,0x00,0x1c,0x12,0x7c,0xa5,0x06,0x80,0x00,0x00},
    },
    {
        {0x00,0x00,0x00,0x00,0x00,0x00,0x00,0x00,0x00,0x00,0x00,0x00,0x00,0x00,0x00,0x00,0x00,0x00,0x00,0x00,0x00,0x00,0x00,0x00,0x00,0x00,0x00,0x00,0x00,0x00,0x00,0x00,0x00,0x00,0x00,0x00,0x00,0x00,0x00,0x00,0x00,0x00,0x00,0x00,0x00,0x00,0x00,0x00,0x00,0x00,0x00,0x00,0x00,0x00,0x00,0x00,0x00,0x00,0x00,0x00,0x00,0x00,0x00,0x00,0x00,0x00,0x00,0x00,0x00,0x00,0x00,0x00,0x00,0x00,0x00,0x00,0x00,0x00,0x00,0x00,0x00,0x00,0x00,0x00,0x00,0x00,0x00,0x1c,0x12,0x7c,0xa5,0x06,0x80,0x00,0x00},
        {0x00,0x00,0x00,0x00,0x00,0x00,0x00,0x00,0x00,0x00,0x00,0x00,0x00,0x00,0x00,0x00,0x00,0x00,0x00,0x00,0x00,0x00,0x00,0x00,0x00,0x00,0x00,0x00,0x00,0x00,0x00,0x00,0x00,0x00,0x00,0x00,0x00,0x00,0x00,0x00,0x00,0x00,0x00,0x00,0x00,0x00,0x00,0x00,0x00,0x00,0x00,0x00,0x00,0x00,0x00,0x00,0x00,0x00,0x00,0x00,0x00,0x00,0x00,0x00,0x00,0x00,0x00,0x00,0x00,0x00,0x00,0x00,0x00,0x00,0x00,0x00,0x00,0x00,0x00,0x00,0x00,0x00,0x00,0x00,0x00,0x00,0x00,0x1c,0x12,0x7c,0xa5,0x06,0x80,0x00,0x00},
    },
    {
        {0x00,0x00,0x00,0x00,0x00,0x00,0x00,0x00,0x00,0x00,0x00,0x00,0x00,0x00,0x00,0x00,0x00,0x00,0x00,0x00,0x00,0x00,0x00,0x00,0x00,0x00,0x00,0x00,0x00,0x00,0x00,0x00,0x00,0x00,0x00,0x00,0x00,0x00,0x00,0x00,0x00,0x00,0x00,0x00,0x00,0x00,0x00,0x00,0x00,0x00,0x00,0x00,0x00,0x00,0x00,0x00,0x00,0x00,0x00,0x00,0x00,0x00,0x00,0x00,0x00,0x00,0x00,0x00,0x00,0x00,0x00,0x00,0x00,0x00,0x00,0x00,0x00,0x00,0x00,0x00,0x00,0x00,0x00,0x00,0x00,0x00,0x00,0x1c,0x12,0x7c,0xa5,0x06,0x80,0x00,0x00},
        {0x00,0x00,0x00,0x00,0x00,0x00,0x00,0x00,0x00,0x00,0x00,0x00,0x00,0x00,0x00,0x00,0x00,0x00,0x00,0x00,0x00,0x00,0x00,0x00,0x00,0x00,0x00,0x00,0x00,0x00,0x00,0x00,0x00,0x00,0x00,0x00,0x00,0x00,0x00,0x00,0x00,0x00,0x00,0x00,0x00,0x00,0x00,0x00,0x00,0x00,0x00,0x00,0x00,0x00,0x00,0x00,0x00,0x00,0x00,0x00,0x00,0x00,0x00,0x00,0x00,0x00,0x00,0x00,0x00,0x00,0x00,0x00,0x00,0x00,0x00,0x00,0x00,0x00,0x00,0x00,0x00,0x00,0x00,0x00,0x00,0x00,0x00,0x1c,0x12,0x7c,0xa5,0x06,0x80,0x00,0x00},
    },
    {
        {0x00,0x00,0x00,0x00,0x00,0x00,0x00,0x00,0x00,0x00,0x00,0x00,0x00,0x00,0x00,0x00,0x00,0x00,0x00,0x00,0x00,0x00,0x00,0x00,0x00,0x00,0x00,0x00,0x00,0x00,0x00,0x00,0x00,0x00,0x00,0x00,0x00,0x00,0x00,0x00,0x00,0x00,0x00,0x00,0x00,0x00,0x00,0x00,0x00,0x00,0x00,0x00,0x00,0x00,0x00,0x00,0x00,0x00,0x00,0x00,0x00,0x00,0x00,0x00,0x00,0x00,0x00,0x00,0x00,0x00,0x00,0x00,0x00,0x00,0x00,0x00,0x00,0x00,0x00,0x00,0x00,0x00,0x00,0x00,0x00,0x00,0x00,0x1c,0x12,0x7c,0xa5,0x06,0x80,0x00,0x00},
        {0x00,0x00,0x00,0x00,0x00,0x00,0x00,0x00,0x00,0x00,0x00,0x00,0x00,0x00,0x00,0x00,0x00,0x00,0x00,0x00,0x00,0x00,0x00,0x00,0x00,0x00,0x00,0x00,0x00,0x00,0x00,0x00,0x00,0x00,0x00,0x00,0x00,0x00,0x00,0x00,0x00,0x00,0x00,0x00,0x00,0x00,0x00,0x00,0x00,0x00,0x00,0x00,0x00,0x00,0x00,0x00,0x00,0x00,0x00,0x00,0x00,0x00,0x00,0x00,0x00,0x00,0x00,0x00,0x00,0x00,0x00,0x00,0x00,0x00,0x00,0x00,0x00,0x00,0x00,0x00,0x00,0x00,0x00,0x00,0x00,0x00,0x00,0x1c,0x12,0x7c,0xa5,0x06,0x80,0x00,0x00},
    },
    {
        {0x00,0x00,0x00,0x00,0x00,0x00,0x00,0x00,0x00,0x00,0x00,0x00,0x00,0x00,0x00,0x00,0x00,0x00,0x00,0x00,0x00,0x00,0x00,0x00,0x00,0x00,0x00,0x00,0x00,0x00,0x00,0x00,0x00,0x00,0x00,0x00,0x00,0x00,0x00,0x00,0x00,0x00,0x00,0x00,0x00,0x00,0x00,0x00,0x00,0x00,0x00,0x00,0x00,0x00,0x00,0x00,0x00,0x00,0x00,0x00,0x00,0x00,0x00,0x00,0x00,0x00,0x00,0x00,0x00,0x00,0x00,0x00,0x00,0x00,0x00,0x00,0x00,0x00,0x00,0x00,0x00,0x00,0x00,0x00,0x00,0x00,0x00,0x1c,0x12,0x7c,0xa5,0x06,0x80,0x00,0x00},
        {0x00,0x00,0x00,0x00,0x00,0x00,0x00,0x00,0x00,0x00,0x00,0x00,0x00,0x00,0x00,0x00,0x00,0x00,0x00,0x00,0x00,0x00,0x00,0x00,0x00,0x00,0x00,0x00,0x00,0x00,0x00,0x00,0x00,0x00,0x00,0x00,0x00,0x00,0x00,0x00,0x00,0x00,0x00,0x00,0x00,0x00,0x00,0x00,0x00,0x00,0x00,0x00,0x00,0x00,0x00,0x00,0x00,0x00,0x00,0x00,0x00,0x00,0x00,0x00,0x00,0x00,0x00,0x00,0x00,0x00,0x00,0x00,0x00,0x00,0x00,0x00,0x00,0x00,0x00,0x00,0x00,0x00,0x00,0x00,0x00,0x00,0x00,0x1c,0x12,0x7c,0xa5,0x06,0x80,0x00,0x00},
    },
    {
        {0x00,0x00,0x00,0x00,0x00,0x00,0x00,0x00,0x00,0x00,0x00,0x00,0x00,0x00,0x00,0x00,0x00,0x00,0x00,0x00,0x00,0x00,0x00,0x00,0x00,0x00,0x00,0x00,0x00,0x00,0x00,0x00,0x00,0x00,0x00,0x00,0x00,0x00,0x00,0x00,0x00,0x00,0x00,0x00,0x00,0x00,0x00,0x00,0x00,0x00,0x00,0x00,0x00,0x00,0x00,0x00,0x00,0x00,0x00,0x00,0x00,0x00,0x00,0x00,0x00,0x00,0x00,0x00,0x00,0x00,0x00,0x00,0x00,0x00,0x00,0x00,0x00,0x00,0x00,0x00,0x00,0x00,0x00,0x00,0x00,0x00,0x00,0x1c,0x12,0x7c,0xa5,0x06,0x80,0x00,0x00},
        {0x00,0x00,0x00,0x00,0x00,0x00,0x00,0x00,0x00,0x00,0x00,0x00,0x00,0x00,0x00,0x00,0x00,0x00,0x00,0x00,0x00,0x00,0x00,0x00,0x00,0x00,0x00,0x00,0x00,0x00,0x00,0x00,0x00,0x00,0x00,0x00,0x00,0x00,0x00,0x00,0x00,0x00,0x00,0x00,0x00,0x00,0x00,0x00,0x00,0x00,0x00,0x00,0x00,0x00,0x00,0x00,0x00,0x00,0x00,0x00,0x00,0x00,0x00,0x00,0x00,0x00,0x00,0x00,0x00,0x00,0x00,0x00,0x00,0x00,0x00,0x00,0x00,0x00,0x00,0x00,0x00,0x00,0x00,0x00,0x00,0x00,0x00,0x1c,0x12,0x7c,0xa5,0x06,0x80,0x00,0x00},
    },
    {
        {0x00,0x00,0x00,0x00,0x00,0x00,0x00,0x00,0x00,0x00,0x00,0x00,0x00,0x00,0x00,0x00,0x00,0x00,0x00,0x00,0x00,0x00,0x00,0x00,0x00,0x00,0x00,0x00,0x00,0x00,0x00,0x00,0x00,0x00,0x00,0x00,0x00,0x00,0x00,0x00,0x00,0x00,0x00,0x00,0x00,0x00,0x00,0x00,0x00,0x00,0x00,0x00,0x00,0x00,0x00,0x00,0x00,0x00,0x00,0x00,0x00,0x00,0x00,0x00,0x00,0x00,0x00,0x00,0x00,0x00,0x00,0x00,0x00,0x00,0x00,0x00,0x00,0x00,0x00,0x00,0x00,0x00,0x00,0x00,0x00,0x00,0x00,0x1c,0x12,0x7c,0xa5,0x06,0x80,0x00,0x00},
        {0x00,0x00,0x00,0x00,0x00,0x00,0x00,0x00,0x00,0x00,0x00,0x00,0x00,0x00,0x00,0x00,0x00,0x00,0x00,0x00,0x00,0x00,0x00,0x00,0x00,0x00,0x00,0x00,0x00,0x00,0x00,0x00,0x00,0x00,0x00,0x00,0x00,0x00,0x00,0x00,0x00,0x00,0x00,0x00,0x00,0x00,0x00,0x00,0x00,0x00,0x00,0x00,0x00,0x00,0x00,0x00,0x00,0x00,0x00,0x00,0x00,0x00,0x00,0x00,0x00,0x00,0x00,0x00,0x00,0x00,0x00,0x00,0x00,0x00,0x00,0x00,0x00,0x00,0x00,0x00,0x00,0x00,0x00,0x00,0x00,0x00,0x00,0x1c,0x12,0x7c,0xa5,0x06,0x80,0x00,0x00},
    },
    {
        {0x00,0x00,0x00,0x00,0x00,0x00,0x00,0x00,0x00,0x00,0x00,0x00,0x00,0x00,0x00,0x00,0x00,0x00,0x00,0x00,0x00,0x00,0x00,0x00,0x00,0x00,0x00,0x00,0x00,0x00,0x00,0x00,0x00,0x00,0x00,0x00,0x00,0x00,0x00,0x00,0x00,0x00,0x00,0x00,0x00,0x00,0x00,0x00,0x00,0x00,0x00,0x00,0x00,0x00,0x00,0x00,0x00,0x00,0x00,0x00,0x00,0x00,0x00,0x00,0x00,0x00,0x00,0x00,0x00,0x00,0x00,0x00,0x00,0x00,0x00,0x00,0x00,0x00,0x00,0x00,0x00,0x00,0x00,0x00,0x00,0x00,0x00,0x1c,0x12,0x7c,0xa5,0x06,0x80,0x00,0x00},
        {0x00,0x00,0x00,0x00,0x00,0x00,0x00,0x00,0x00,0x00,0x00,0x00,0x00,0x00,0x00,0x00,0x00,0x00,0x00,0x00,0x00,0x00,0x00,0x00,0x00,0x00,0x00,0x00,0x00,0x00,0x00,0x00,0x00,0x00,0x00,0x00,0x00,0x00,0x00,0x00,0x00,0x00,0x00,0x00,0x00,0x00,0x00,0x00,0x00,0x00,0x00,0x00,0x00,0x00,0x00,0x00,0x00,0x00,0x00,0x00,0x00,0x00,0x00,0x00,0x00,0x00,0x00,0x00,0x00,0x00,0x00,0x00,0x00,0x00,0x00,0x00,0x00,0x00,0x00,0x00,0x00,0x00,0x00,0x00,0x00,0x00,0x00,0x1c,0x12,0x7c,0xa5,0x06,0x80,0x00,0x00},
    },
    {
        {0x00,0x00,0x00,0x00,0x00,0x00,0x00,0x00,0x00,0x00,0x00,0x00,0x00,0x00,0x00,0x00,0x00,0x00,0x00,0x00,0x00,0x00,0x00,0x00,0x00,0x00,0x00,0x00,0x00,0x00,0x00,0x00,0x00,0x00,0x00,0x00,0x00,0x00,0x00,0x00,0x00,0x00,0x00,0x00,0x00,0x00,0x00,0x00,0x00,0x00,0x00,0x00,0x00,0x00,0x00,0x00,0x00,0x00,0x00,0x00,0x00,0x00,0x00,0x00,0x00,0x00,0x00,0x00,0x00,0x00,0x00,0x00,0x00,0x00,0x00,0x00,0x00,0x00,0x00,0x00,0x00,0x00,0x00,0x00,0x00,0x00,0x00,0x1c,0x12,0x7c,0xa5,0x06,0x80,0x00,0x00},
        {0x00,0x00,0x00,0x00,0x00,0x00,0x00,0x00,0x00,0x00,0x00,0x00,0x00,0x00,0x00,0x00,0x00,0x00,0x00,0x00,0x00,0x00,0x00,0x00,0x00,0x00,0x00,0x00,0x00,0x00,0x00,0x00,0x00,0x00,0x00,0x00,0x00,0x00,0x00,0x00,0x00,0x00,0x00,0x00,0x00,0x00,0x00,0x00,0x00,0x00,0x00,0x00,0x00,0x00,0x00,0x00,0x00,0x00,0x00,0x00,0x00,0x00,0x00,0x00,0x00,0x00,0x00,0x00,0x00,0x00,0x00,0x00,0x00,0x00,0x00,0x00,0x00,0x00,0x00,0x00,0x00,0x00,0x00,0x00,0x00,0x00,0x00,0x1c,0x12,0x7c,0xa5,0x06,0x80,0x00,0x00},
    },
    {
        {0x00,0x00,0x00,0x00,0x00,0x00,0x00,0x00,0x00,0x00,0x00,0x00,0x00,0x00,0x00,0x00,0x00,0x00,0x00,0x00,0x00,0x00,0x00,0x00,0x00,0x00,0x00,0x00,0x00,0x00,0x00,0x00,0x00,0x00,0x00,0x00,0x00,0x00,0x00,0x00,0x00,0x00,0x00,0x00,0x00,0x00,0x00,0x00,0x00,0x00,0x00,0x00,0x00,0x00,0x00,0x00,0x00,0x00,0x00,0x00,0x00,0x00,0x00,0x00,0x00,0x00,0x00,0x00,0x00,0x00,0x00,0x00,0x00,0x00,0x00,0x00,0x00,0x00,0x00,0x00,0x00,0x00,0x00,0x00,0x00,0x00,0x00,0x1c,0x12,0x7c,0xa5,0x06,0x80,0x00,0x00},
        {0x00,0x00,0x00,0x00,0x00,0x00,0x00,0x00,0x00,0x00,0x00,0x00,0x00,0x00,0x00,0x00,0x00,0x00,0x00,0x00,0x00,0x00,0x00,0x00,0x00,0x00,0x00,0x00,0x00,0x00,0x00,0x00,0x00,0x00,0x00,0x00,0x00,0x00,0x00,0x00,0x00,0x00,0x00,0x00,0x00,0x00,0x00,0x00,0x00,0x00,0x00,0x00,0x00,0x00,0x00,0x00,0x00,0x00,0x00,0x00,0x00,0x00,0x00,0x00,0x00,0x00,0x00,0x00,0x00,0x00,0x00,0x00,0x00,0x00,0x00,0x00,0x00,0x00,0x00,0x00,0x00,0x00,0x00,0x00,0x00,0x00,0x00,0x1c,0x12,0x7c,0xa5,0x06,0x80,0x00,0x00},
    },
    {
        {0x00,0x00,0x00,0x00,0x00,0x00,0x00,0x00,0x00,0x00,0x00,0x00,0x00,0x00,0x00,0x00,0x00,0x00,0x00,0x00,0x00,0x00,0x00,0x00,0x00,0x00,0x00,0x00,0x00,0x00,0x00,0x00,0x00,0x00,0x00,0x00,0x00,0x00,0x00,0x00,0x00,0x00,0x00,0x00,0x00,0x00,0x00,0x00,0x00,0x00,0x00,0x00,0x00,0x00,0x00,0x00,0x00,0x00,0x00,0x00,0x00,0x00,0x00,0x00,0x00,0x00,0x00,0x00,0x00,0x00,0x00,0x00,0x00,0x00,0x00,0x00,0x00,0x00,0x00,0x00,0x00,0x00,0x00,0x00,0x00,0x00,0x00,0x1c,0x12,0x7c,0xa5,0x06,0x80,0x00,0x00},
        {0x00,0x00,0x00,0x00,0x00,0x00,0x00,0x00,0x00,0x00,0x00,0x00,0x00,0x00,0x00,0x00,0x00,0x00,0x00,0x00,0x00,0x00,0x00,0x00,0x00,0x00,0x00,0x00,0x00,0x00,0x00,0x00,0x00,0x00,0x00,0x00,0x00,0x00,0x00,0x00,0x00,0x00,0x00,0x00,0x00,0x00,0x00,0x00,0x00,0x00,0x00,0x00,0x00,0x00,0x00,0x00,0x00,0x00,0x00,0x00,0x00,0x00,0x00,0x00,0x00,0x00,0x00,0x00,0x00,0x00,0x00,0x00,0x00,0x00,0x00,0x00,0x00,0x00,0x00,0x00,0x00,0x00,0x00,0x00,0x00,0x00,0x00,0x1c,0x12,0x7c,0xa5,0x06,0x80,0x00,0x00},
    },
    {
        {0x00,0x00,0x00,0x00,0x00,0x00,0x00,0x00,0x00,0x00,0x00,0x00,0x00,0x00,0x00,0x00,0x00,0x00,0x00,0x00,0x00,0x00,0x00,0x00,0x00,0x00,0x00,0x00,0x00,0x00,0x00,0x00,0x00,0x00,0x00,0x00,0x00,0x00,0x00,0x00,0x00,0x00,0x00,0x00,0x00,0x00,0x00,0x00,0x00,0x00,0x00,0x00,0x00,0x00,0x00,0x00,0x00,0x00,0x00,0x00,0x00,0x00,0x00,0x00,0x00,0x00,0x00,0x00,0x00,0x00,0x00,0x00,0x00,0x00,0x00,0x00,0x00,0x00,0x00,0x00,0x00,0x00,0x00,0x00,0x00,0x00,0x00,0x1c,0x12,0x7c,0xa5,0x06,0x80,0x00,0x00},
        {0x00,0x00,0x00,0x00,0x00,0x00,0x00,0x00,0x00,0x00,0x00,0x00,0x00,0x00,0x00,0x00,0x00,0x00,0x00,0x00,0x00,0x00,0x00,0x00,0x00,0x00,0x00,0x00,0x00,0x00,0x00,0x00,0x00,0x00,0x00,0x00,0x00,0x00,0x00,0x00,0x00,0x00,0x00,0x00,0x00,0x00,0x00,0x00,0x00,0x00,0x00,0x00,0x00,0x00,0x00,0x00,0x00,0x00,0x00,0x00,0x00,0x00,0x00,0x00,0x00,0x00,0x00,0x00,0x00,0x00,0x00,0x00,0x00,0x00,0x00,0x00,0x00,0x00,0x00,0x00,0x00,0x00,0x00,0x00,0x00,0x00,0x00,0x1c,0x12,0x7c,0xa5,0x06,0x80,0x00,0x00},
    },
    {
        {0x00,0x00,0x00,0x00,0x00,0x00,0x00,0x00,0x00,0x00,0x00,0x00,0x00,0x00,0x00,0x00,0x00,0x00,0x00,0x00,0x00,0x00,0x00,0x00,0x00,0x00,0x00,0x00,0x00,0x00,0x00,0x00,0x00,0x00,0x00,0x00,0x00,0x00,0x00,0x00,0x00,0x00,0x00,0x00,0x00,0x00,0x00,0x00,0x00,0x00,0x00,0x00,0x00,0x00,0x00,0x00,0x00,0x00,0x00,0x00,0x00,0x00,0x00,0x00,0x00,0x00,0x00,0x00,0x00,0x00,0x00,0x00,0x00,0x00,0x00,0x00,0x00,0x00,0x00,0x00,0x00,0x00,0x00,0x00,0x00,0x00,0x00,0x1c,0x12,0x7c,0xa5,0x06,0x80,0x00,0x00},
        {0x00,0x00,0x00,0x00,0x00,0x00,0x00,0x00,0x00,0x00,0x00,0x00,0x00,0x00,0x00,0x00,0x00,0x00,0x00,0x00,0x00,0x00,0x00,0x00,0x00,0x00,0x00,0x00,0x00,0x00,0x00,0x00,0x00,0x00,0x00,0x00,0x00,0x00,0x00,0x00,0x00,0x00,0x00,0x00,0x00,0x00,0x00,0x00,0x00,0x00,0x00,0x00,0x00,0x00,0x00,0x00,0x00,0x00,0x00,0x00,0x00,0x00,0x00,0x00,0x00,0x00,0x00,0x00,0x00,0x00,0x00,0x00,0x00,0x00,0x00,0x00,0x00,0x00,0x00,0x00,0x00,0x00,0x00,0x00,0x00,0x00,0x00,0x1c,0x12,0x7c,0xa5,0x06,0x80,0x00,0x00},
    },
    {
        {0x00,0x00,0x00,0x00,0x00,0x00,0x00,0x00,0x00,0x00,0x00,0x00,0x00,0x00,0x00,0x00,0x00,0x00,0x00,0x00,0x00,0x00,0x00,0x00,0x00,0x00,0x00,0x00,0x00,0x00,0x00,0x00,0x00,0x00,0x00,0x00,0x00,0x00,0x00,0x00,0x00,0x00,0x00,0x00,0x00,0x00,0x00,0x00,0x00,0x00,0x00,0x00,0x00,0x00,0x00,0x00,0x00,0x00,0x00,0x00,0x00,0x00,0x00,0x00,0x00,0x00,0x00,0x00,0x00,0x00,0x00,0x00,0x00,0x00,0x00,0x00,0x00,0x00,0x00,0x00,0x00,0x00,0x00,0x00,0x00,0x00,0x00,0x1c,0x12,0x7c,0xa5,0x06,0x80,0x00,0x00},
        {0x00,0x00,0x00,0x00,0x00,0x00,0x00,0x00,0x00,0x00,0x00,0x00,0x00,0x00,0x00,0x00,0x00,0x00,0x00,0x00,0x00,0x00,0x00,0x00,0x00,0x00,0x00,0x00,0x00,0x00,0x00,0x00,0x00,0x00,0x00,0x00,0x00,0x00,0x00,0x00,0x00,0x00,0x00,0x00,0x00,0x00,0x00,0x00,0x00,0x00,0x00,0x00,0x00,0x00,0x00,0x00,0x00,0x00,0x00,0x00,0x00,0x00,0x00,0x00,0x00,0x00,0x00,0x00,0x00,0x00,0x00,0x00,0x00,0x00,0x00,0x00,0x00,0x00,0x00,0x00,0x00,0x00,0x00,0x00,0x00,0x00,0x00,0x1c,0x12,0x7c,0xa5,0x06,0x80,0x00,0x00},
    },
    {
        {0x00,0x00,0x00,0x00,0x00,0x00,0x00,0x00,0x00,0x00,0x00,0x00,0x00,0x00,0x00,0x00,0x00,0x00,0x00,0x00,0x00,0x00,0x00,0x00,0x00,0x00,0x00,0x00,0x00,0x00,0x00,0x00,0x00,0x00,0x00,0x00,0x00,0x00,0x00,0x00,0x00,0x00,0x00,0x00,0x00,0x00,0x00,0x00,0x00,0x00,0x00,0x00,0x00,0x00,0x00,0x00,0x00,0x00,0x00,0x00,0x00,0x00,0x00,0x00,0x00,0x00,0x00,0x00,0x00,0x00,0x00,0x00,0x00,0x00,0x00,0x00,0x00,0x00,0x00,0x00,0x00,0x00,0x00,0x00,0x00,0x00,0x00,0x1c,0x12,0x7c,0xa5,0x06,0x80,0x00,0x00},
        {0x00,0x00,0x00,0x00,0x00,0x00,0x00,0x00,0x00,0x00,0x00,0x00,0x00,0x00,0x00,0x00,0x00,0x00,0x00,0x00,0x00,0x00,0x00,0x00,0x00,0x00,0x00,0x00,0x00,0x00,0x00,0x00,0x00,0x00,0x00,0x00,0x00,0x00,0x00,0x00,0x00,0x00,0x00,0x00,0x00,0x00,0x00,0x00,0x00,0x00,0x00,0x00,0x00,0x00,0x00,0x00,0x00,0x00,0x00,0x00,0x00,0x00,0x00,0x00,0x00,0x00,0x00,0x00,0x00,0x00,0x00,0x00,0x00,0x00,0x00,0x00,0x00,0x00,0x00,0x00,0x00,0x00,0x00,0x00,0x00,0x00,0x00,0x1c,0x12,0x7c,0xa5,0x06,0x80,0x00,0x00},
    },
    {
        {0x00,0x00,0x00,0x00,0x00,0x00,0x00,0x00,0x00,0x00,0x00,0x00,0x00,0x00,0x00,0x00,0x00,0x00,0x00,0x00,0x00,0x00,0x00,0x00,0x00,0x00,0x00,0x00,0x00,0x00,0x00,0x00,0x00,0x00,0x00,0x00,0x00,0x00,0x00,0x00,0x00,0x00,0x00,0x00,0x00,0x00,0x00,0x00,0x00,0x00,0x00,0x00,0x00,0x00,0x00,0x00,0x00,0x00,0x00,0x00,0x00,0x00,0x00,0x00,0x00,0x00,0x00,0x00,0x00,0x00,0x00,0x00,0x00,0x00,0x00,0x00,0x00,0x00,0x00,0x00,0x00,0x00,0x00,0x00,0x00,0x00,0x00,0x1c,0x12,0x7c,0xa5,0x06,0x80,0x00,0x00},
        {0x00,0x00,0x00,0x00,0x00,0x00,0x00,0x00,0x00,0x00,0x00,0x00,0x00,0x00,0x00,0x00,0x00,0x00,0x00,0x00,0x00,0x00,0x00,0x00,0x00,0x00,0x00,0x00,0x00,0x00,0x00,0x00,0x00,0x00,0x00,0x00,0x00,0x00,0x00,0x00,0x00,0x00,0x00,0x00,0x00,0x00,0x00,0x00,0x00,0x00,0x00,0x00,0x00,0x00,0x00,0x00,0x00,0x00,0x00,0x00,0x00,0x00,0x00,0x00,0x00,0x00,0x00,0x00,0x00,0x00,0x00,0x00,0x00,0x00,0x00,0x00,0x00,0x00,0x00,0x00,0x00,0x00,0x00,0x00,0x00,0x00,0x00,0x1c,0x12,0x7c,0xa5,0x06,0x80,0x00,0x00},
    },
    {
        {0x00,0x00,0x00,0x00,0x00,0x00,0x00,0x00,0x00,0x00,0x00,0x00,0x00,0x00,0x00,0x00,0x00,0x00,0x00,0x00,0x00,0x00,0x00,0x00,0x00,0x00,0x00,0x00,0x00,0x00,0x00,0x00,0x00,0x00,0x00,0x00,0x00,0x00,0x00,0x00,0x00,0x00,0x00,0x00,0x00,0x00,0x00,0x00,0x00,0x00,0x00,0x00,0x00,0x00,0x00,0x00,0x00,0x00,0x00,0x00,0x00,0x00,0x00,0x00,0x00,0x00,0x00,0x00,0x00,0x00,0x00,0x00,0x00,0x00,0x00,0x00,0x00,0x00,0x00,0x00,0x00,0x00,0x00,0x00,0x00,0x00,0x00,0x1c,0x12,0x7c,0xa5,0x06,0x80,0x00,0x00},
        {0x00,0x00,0x00,0x00,0x00,0x00,0x00,0x00,0x00,0x00,0x00,0x00,0x00,0x00,0x00,0x00,0x00,0x00,0x00,0x00,0x00,0x00,0x00,0x00,0x00,0x00,0x00,0x00,0x00,0x00,0x00,0x00,0x00,0x00,0x00,0x00,0x00,0x00,0x00,0x00,0x00,0x00,0x00,0x00,0x00,0x00,0x00,0x00,0x00,0x00,0x00,0x00,0x00,0x00,0x00,0x00,0x00,0x00,0x00,0x00,0x00,0x00,0x00,0x00,0x00,0x00,0x00,0x00,0x00,0x00,0x00,0x00,0x00,0x00,0x00,0x00,0x00,0x00,0x00,0x00,0x00,0x00,0x00,0x00,0x00,0x00,0x00,0x1c,0x12,0x7c,0xa5,0x06,0x80,0x00,0x00},
    },
    {
        {0x00,0x00,0x00,0x00,0x00,0x00,0x00,0x00,0x00,0x00,0x00,0x00,0x00,0x00,0x00,0x00,0x00,0x00,0x00,0x00,0x00,0x00,0x00,0x00,0x00,0x00,0x00,0x00,0x00,0x00,0x00,0x00,0x00,0x00,0x00,0x00,0x00,0x00,0x00,0x00,0x00,0x00,0x00,0x00,0x00,0x00,0x00,0x00,0x00,0x00,0x00,0x00,0x00,0x00,0x00,0x00,0x00,0x00,0x00,0x00,0x00,0x00,0x00,0x00,0x00,0x00,0x00,0x00,0x00,0x00,0x00,0x00,0x00,0x00,0x00,0x00,0x00,0x00,0x00,0x00,0x00,0x00,0x00,0x00,0x00,0x00,0x00,0x1c,0x12,0x7c,0xa5,0x06,0x80,0x00,0x00},
        {0x00,0x00,0x00,0x00,0x00,0x00,0x00,0x00,0x00,0x00,0x00,0x00,0x00,0x00,0x00,0x00,0x00,0x00,0x00,0x00,0x00,0x00,0x00,0x00,0x00,0x00,0x00,0x00,0x00,0x00,0x00,0x00,0x00,0x00,0x00,0x00,0x00,0x00,0x00,0x00,0x00,0x00,0x00,0x00,0x00,0x00,0x00,0x00,0x00,0x00,0x00,0x00,0x00,0x00,0x00,0x00,0x00,0x00,0x00,0x00,0x00,0x00,0x00,0x00,0x00,0x00,0x00,0x00,0x00,0x00,0x00,0x00,0x00,0x00,0x00,0x00,0x00,0x00,0x00,0x00,0x00,0x00,0x00,0x00,0x00,0x00,0x00,0x1c,0x12,0x7c,0xa5,0x06,0x80,0x00,0x00},
    },
    {
        {0x00,0x00,0x00,0x00,0x00,0x00,0x00,0x00,0x00,0x00,0x00,0x00,0x00,0x00,0x00,0x00,0x00,0x00,0x00,0x00,0x00,0x00,0x00,0x00,0x00,0x00,0x00,0x00,0x00,0x00,0x00,0x00,0x00,0x00,0x00,0x00,0x00,0x00,0x00,0x00,0x00,0x00,0x00,0x00,0x00,0x00,0x00,0x00,0x00,0x00,0x00,0x00,0x00,0x00,0x00,0x00,0x00,0x00,0x00,0x00,0x00,0x00,0x00,0x00,0x00,0x00,0x00,0x00,0x00,0x00,0x00,0x00,0x00,0x00,0x00,0x00,0x00,0x00,0x00,0x00,0x00,0x00,0x00,0x00,0x00,0x00,0x00,0x1c,0x12,0x7c,0xa5,0x06,0x80,0x00,0x00},
        {0x00,0x00,0x00,0x00,0x00,0x00,0x00,0x00,0x00,0x00,0x00,0x00,0x00,0x00,0x00,0x00,0x00,0x00,0x00,0x00,0x00,0x00,0x00,0x00,0x00,0x00,0x00,0x00,0x00,0x00,0x00,0x00,0x00,0x00,0x00,0x00,0x00,0x00,0x00,0x00,0x00,0x00,0x00,0x00,0x00,0x00,0x00,0x00,0x00,0x00,0x00,0x00,0x00,0x00,0x00,0x00,0x00,0x00,0x00,0x00,0x00,0x00,0x00,0x00,0x00,0x00,0x00,0x00,0x00,0x00,0x00,0x00,0x00,0x00,0x00,0x00,0x00,0x00,0x00,0x00,0x00,0x00,0x00,0x00,0x00,0x00,0x00,0x1c,0x12,0x7c,0xa5,0x06,0x80,0x00,0x00},
    },
    {
        {0x00,0x00,0x00,0x00,0x00,0x00,0x00,0x00,0x00,0x00,0x00,0x00,0x00,0x00,0x00,0x00,0x00,0x00,0x00,0x00,0x00,0x00,0x00,0x00,0x00,0x00,0x00,0x00,0x00,0x00,0x00,0x00,0x00,0x00,0x00,0x00,0x00,0x00,0x00,0x00,0x00,0x00,0x00,0x00,0x00,0x00,0x00,0x00,0x00,0x00,0x00,0x00,0x00,0x00,0x00,0x00,0x00,0x00,0x00,0x00,0x00,0x00,0x00,0x00,0x00,0x00,0x00,0x00,0x00,0x00,0x00,0x00,0x00,0x00,0x00,0x00,0x00,0x00,0x00,0x00,0x00,0x00,0x00,0x00,0x00,0x00,0x00,0x1c,0x12,0x7c,0xa5,0x06,0x80,0x00,0x00},
        {0x00,0x00,0x00,0x00,0x00,0x00,0x00,0x00,0x00,0x00,0x00,0x00,0x00,0x00,0x00,0x00,0x00,0x00,0x00,0x00,0x00,0x00,0x00,0x00,0x00,0x00,0x00,0x00,0x00,0x00,0x00,0x00,0x00,0x00,0x00,0x00,0x00,0x00,0x00,0x00,0x00,0x00,0x00,0x00,0x00,0x00,0x00,0x00,0x00,0x00,0x00,0x00,0x00,0x00,0x00,0x00,0x00,0x00,0x00,0x00,0x00,0x00,0x00,0x00,0x00,0x00,0x00,0x00,0x00,0x00,0x00,0x00,0x00,0x00,0x00,0x00,0x00,0x00,0x00,0x00,0x00,0x00,0x00,0x00,0x00,0x00,0x00,0x1c,0x12,0x7c,0xa5,0x06,0x80,0x00,0x00},
    },
    {
        {0x00,0x00,0x00,0x00,0x00,0x00,0x00,0x00,0x00,0x00,0x00,0x00,0x00,0x00,0x00,0x00,0x00,0x00,0x00,0x00,0x00,0x00,0x00,0x00,0x00,0x00,0x00,0x00,0x00,0x00,0x00,0x00,0x00,0x00,0x00,0x00,0x00,0x00,0x00,0x00,0x00,0x00,0x00,0x00,0x00,0x00,0x00,0x00,0x00,0x00,0x00,0x00,0x00,0x00,0x00,0x00,0x00,0x00,0x00,0x00,0x00,0x00,0x00,0x00,0x00,0x00,0x00,0x00,0x00,0x00,0x00,0x00,0x00,0x00,0x00,0x00,0x00,0x00,0x00,0x00,0x00,0x00,0x00,0x00,0x00,0x00,0x00,0x1c,0x12,0x7c,0xa5,0x06,0x80,0x00,0x00},
        {0x00,0x00,0x00,0x00,0x00,0x00,0x00,0x00,0x00,0x00,0x00,0x00,0x00,0x00,0x00,0x00,0x00,0x00,0x00,0x00,0x00,0x00,0x00,0x00,0x00,0x00,0x00,0x00,0x00,0x00,0x00,0x00,0x00,0x00,0x00,0x00,0x00,0x00,0x00,0x00,0x00,0x00,0x00,0x00,0x00,0x00,0x00,0x00,0x00,0x00,0x00,0x00,0x00,0x00,0x00,0x00,0x00,0x00,0x00,0x00,0x00,0x00,0x00,0x00,0x00,0x00,0x00,0x00,0x00,0x00,0x00,0x00,0x00,0x00,0x00,0x00,0x00,0x00,0x00,0x00,0x00,0x00,0x00,0x00,0x00,0x00,0x00,0x1c,0x12,0x7c,0xa5,0x06,0x80,0x00,0x00},
    },
    {
        {0x00,0x00,0x00,0x00,0x00,0x00,0x00,0x00,0x00,0x00,0x00,0x00,0x00,0x00,0x00,0x00,0x00,0x00,0x00,0x00,0x00,0x00,0x00,0x00,0x00,0x00,0x00,0x00,0x00,0x00,0x00,0x00,0x00,0x00,0x00,0x00,0x00,0x00,0x00,0x00,0x00,0x00,0x00,0x00,0x00,0x00,0x00,0x00,0x00,0x00,0x00,0x00,0x00,0x00,0x00,0x00,0x00,0x00,0x00,0x00,0x00,0x00,0x00,0x00,0x00,0x00,0x00,0x00,0x00,0x00,0x00,0x00,0x00,0x00,0x00,0x00,0x00,0x00,0x00,0x00,0x00,0x00,0x00,0x00,0x00,0x00,0x00,0x1c,0x12,0x7c,0xa5,0x06,0x80,0x00,0x00},
        {0x00,0x00,0x00,0x00,0x00,0x00,0x00,0x00,0x00,0x00,0x00,0x00,0x00,0x00,0x00,0x00,0x00,0x00,0x00,0x00,0x00,0x00,0x00,0x00,0x00,0x00,0x00,0x00,0x00,0x00,0x00,0x00,0x00,0x00,0x00,0x00,0x00,0x00,0x00,0x00,0x00,0x00,0x00,0x00,0x00,0x00,0x00,0x00,0x00,0x00,0x00,0x00,0x00,0x00,0x00,0x00,0x00,0x00,0x00,0x00,0x00,0x00,0x00,0x00,0x00,0x00,0x00,0x00,0x00,0x00,0x00,0x00,0x00,0x00,0x00,0x00,0x00,0x00,0x00,0x00,0x00,0x00,0x00,0x00,0x00,0x00,0x00,0x1c,0x12,0x7c,0xa5,0x06,0x80,0x00,0x00},
    },
    {
        {0x00,0x00,0x00,0x00,0x00,0x00,0x00,0x00,0x00,0x00,0x00,0x00,0x00,0x00,0x00,0x00,0x00,0x00,0x00,0x00,0x00,0x00,0x00,0x00,0x00,0x00,0x00,0x00,0x00,0x00,0x00,0x00,0x00,0x00,0x00,0x00,0x00,0x00,0x00,0x00,0x00,0x00,0x00,0x00,0x00,0x00,0x00,0x00,0x00,0x00,0x00,0x00,0x00,0x00,0x00,0x00,0x00,0x00,0x00,0x00,0x00,0x00,0x00,0x00,0x00,0x00,0x00,0x00,0x00,0x00,0x00,0x00,0x00,0x00,0x00,0x00,0x00,0x00,0x00,0x00,0x00,0x00,0x00,0x00,0x00,0x00,0x00,0x1c,0x12,0x7c,0xa5,0x06,0x80,0x00,0x00},
        {0x00,0x00,0x00,0x00,0x00,0x00,0x00,0x00,0x00,0x00,0x00,0x00,0x00,0x00,0x00,0x00,0x00,0x00,0x00,0x00,0x00,0x00,0x00,0x00,0x00,0x00,0x00,0x00,0x00,0x00,0x00,0x00,0x00,0x00,0x00,0x00,0x00,0x00,0x00,0x00,0x00,0x00,0x00,0x00,0x00,0x00,0x00,0x00,0x00,0x00,0x00,0x00,0x00,0x00,0x00,0x00,0x00,0x00,0x00,0x00,0x00,0x00,0x00,0x00,0x00,0x00,0x00,0x00,0x00,0x00,0x00,0x00,0x00,0x00,0x00,0x00,0x00,0x00,0x00,0x00,0x00,0x00,0x00,0x00,0x00,0x00,0x00,0x1c,0x12,0x7c,0xa5,0x06,0x80,0x00,0x00},
    },
    {
        {0x00,0x00,0x00,0x00,0x00,0x00,0x00,0x00,0x00,0x00,0x00,0x00,0x00,0x00,0x00,0x00,0x00,0x00,0x00,0x00,0x00,0x00,0x00,0x00,0x00,0x00,0x00,0x00,0x00,0x00,0x00,0x00,0x00,0x00,0x00,0x00,0x00,0x00,0x00,0x00,0x00,0x00,0x00,0x00,0x00,0x00,0x00,0x00,0x00,0x00,0x00,0x00,0x00,0x00,0x00,0x00,0x00,0x00,0x00,0x00,0x00,0x00,0x00,0x00,0x00,0x00,0x00,0x00,0x00,0x00,0x00,0x00,0x00,0x00,0x00,0x00,0x00,0x00,0x00,0x00,0x00,0x00,0x00,0x00,0x00,0x00,0x00,0x1c,0x12,0x7c,0xa5,0x06,0x80,0x00,0x00},
        {0x00,0x00,0x00,0x00,0x00,0x00,0x00,0x00,0x00,0x00,0x00,0x00,0x00,0x00,0x00,0x00,0x00,0x00,0x00,0x00,0x00,0x00,0x00,0x00,0x00,0x00,0x00,0x00,0x00,0x00,0x00,0x00,0x00,0x00,0x00,0x00,0x00,0x00,0x00,0x00,0x00,0x00,0x00,0x00,0x00,0x00,0x00,0x00,0x00,0x00,0x00,0x00,0x00,0x00,0x00,0x00,0x00,0x00,0x00,0x00,0x00,0x00,0x00,0x00,0x00,0x00,0x00,0x00,0x00,0x00,0x00,0x00,0x00,0x00,0x00,0x00,0x00,0x00,0x00,0x00,0x00,0x00,0x00,0x00,0x00,0x00,0x00,0x1c,0x12,0x7c,0xa5,0x06,0x80,0x00,0x00},
    },
    {
        {0x00,0x00,0x00,0x00,0x00,0x00,0x00,0x00,0x00,0x00,0x00,0x00,0x00,0x00,0x00,0x00,0x00,0x00,0x00,0x00,0x00,0x00,0x00,0x00,0x00,0x00,0x00,0x00,0x00,0x00,0x00,0x00,0x00,0x00,0x00,0x00,0x00,0x00,0x00,0x00,0x00,0x00,0x00,0x00,0x00,0x00,0x00,0x00,0x00,0x00,0x00,0x00,0x00,0x00,0x00,0x00,0x00,0x00,0x00,0x00,0x00,0x00,0x00,0x00,0x00,0x00,0x00,0x00,0x00,0x00,0x00,0x00,0x00,0x00,0x00,0x00,0x00,0x00,0x00,0x00,0x00,0x00,0x00,0x00,0x00,0x00,0x00,0x1c,0x12,0x7c,0xa5,0x06,0x80,0x00,0x00},
        {0x00,0x00,0x00,0x00,0x00,0x00,0x00,0x00,0x00,0x00,0x00,0x00,0x00,0x00,0x00,0x00,0x00,0x00,0x00,0x00,0x00,0x00,0x00,0x00,0x00,0x00,0x00,0x00,0x00,0x00,0x00,0x00,0x00,0x00,0x00,0x00,0x00,0x00,0x00,0x00,0x00,0x00,0x00,0x00,0x00,0x00,0x00,0x00,0x00,0x00,0x00,0x00,0x00,0x00,0x00,0x00,0x00,0x00,0x00,0x00,0x00,0x00,0x00,0x00,0x00,0x00,0x00,0x00,0x00,0x00,0x00,0x00,0x00,0x00,0x00,0x00,0x00,0x00,0x00,0x00,0x00,0x00,0x00,0x00,0x00,0x00,0x00,0x1c,0x12,0x7c,0xa5,0x06,0x80,0x00,0x00},
    },
    {
        {0x00,0x00,0x00,0x00,0x00,0x00,0x00,0x00,0x00,0x00,0x00,0x00,0x00,0x00,0x00,0x00,0x00,0x00,0x00,0x00,0x00,0x00,0x00,0x00,0x00,0x00,0x00,0x00,0x00,0x00,0x00,0x00,0x00,0x00,0x00,0x00,0x00,0x00,0x00,0x00,0x00,0x00,0x00,0x00,0x00,0x00,0x00,0x00,0x00,0x00,0x00,0x00,0x00,0x00,0x00,0x00,0x00,0x00,0x00,0x00,0x00,0x00,0x00,0x00,0x00,0x00,0x00,0x00,0x00,0x00,0x00,0x00,0x00,0x00,0x00,0x00,0x00,0x00,0x00,0x00,0x00,0x00,0x00,0x00,0x00,0x00,0x00,0x1c,0x12,0x7c,0xa5,0x06,0x80,0x00,0x00},
        {0x00,0x00,0x00,0x00,0x00,0x00,0x00,0x00,0x00,0x00,0x00,0x00,0x00,0x00,0x00,0x00,0x00,0x00,0x00,0x00,0x00,0x00,0x00,0x00,0x00,0x00,0x00,0x00,0x00,0x00,0x00,0x00,0x00,0x00,0x00,0x00,0x00,0x00,0x00,0x00,0x00,0x00,0x00,0x00,0x00,0x00,0x00,0x00,0x00,0x00,0x00,0x00,0x00,0x00,0x00,0x00,0x00,0x00,0x00,0x00,0x00,0x00,0x00,0x00,0x00,0x00,0x00,0x00,0x00,0x00,0x00,0x00,0x00,0x00,0x00,0x00,0x00,0x00,0x00,0x00,0x00,0x00,0x00,0x00,0x00,0x00,0x00,0x1c,0x12,0x7c,0xa5,0x06,0x80,0x00,0x00},
    },
    {
        {0x00,0x00,0x00,0x00,0x00,0x00,0x00,0x00,0x00,0x00,0x00,0x00,0x00,0x00,0x00,0x00,0x00,0x00,0x00,0x00,0x00,0x00,0x00,0x00,0x00,0x00,0x00,0x00,0x00,0x00,0x00,0x00,0x00,0x00,0x00,0x00,0x00,0x00,0x00,0x00,0x00,0x00,0x00,0x00,0x00,0x00,0x00,0x00,0x00,0x00,0x00,0x00,0x00,0x00,0x00,0x00,0x00,0x00,0x00,0x00,0x00,0x00,0x00,0x00,0x00,0x00,0x00,0x00,0x00,0x00,0x00,0x00,0x00,0x00,0x00,0x00,0x00,0x00,0x00,0x00,0x00,0x00,0x00,0x00,0x00,0x00,0x00,0x1c,0x12,0x7c,0xa5,0x06,0x80,0x00,0x00},
        {0x00,0x00,0x00,0x00,0x00,0x00,0x00,0x00,0x00,0x00,0x00,0x00,0x00,0x00,0x00,0x00,0x00,0x00,0x00,0x00,0x00,0x00,0x00,0x00,0x00,0x00,0x00,0x00,0x00,0x00,0x00,0x00,0x00,0x00,0x00,0x00,0x00,0x00,0x00,0x00,0x00,0x00,0x00,0x00,0x00,0x00,0x00,0x00,0x00,0x00,0x00,0x00,0x00,0x00,0x00,0x00,0x00,0x00,0x00,0x00,0x00,0x00,0x00,0x00,0x00,0x00,0x00,0x00,0x00,0x00,0x00,0x00,0x00,0x00,0x00,0x00,0x00,0x00,0x00,0x00,0x00,0x00,0x00,0x00,0x00,0x00,0x00,0x1c,0x12,0x7c,0xa5,0x06,0x80,0x00,0x00},
    },
    {
        {0x00,0x00,0x00,0x00,0x00,0x00,0x00,0x00,0x00,0x00,0x00,0x00,0x00,0x00,0x00,0x00,0x00,0x00,0x00,0x00,0x00,0x00,0x00,0x00,0x00,0x00,0x00,0x00,0x00,0x00,0x00,0x00,0x00,0x00,0x00,0x00,0x00,0x00,0x00,0x00,0x00,0x00,0x00,0x00,0x00,0x00,0x00,0x00,0x00,0x00,0x00,0x00,0x00,0x00,0x00,0x00,0x00,0x00,0x00,0x00,0x00,0x00,0x00,0x00,0x00,0x00,0x00,0x00,0x00,0x00,0x00,0x00,0x00,0x00,0x00,0x00,0x00,0x00,0x00,0x00,0x00,0x00,0x00,0x00,0x00,0x00,0x00,0x1c,0x12,0x7c,0xa5,0x06,0x80,0x00,0x00},
        {0x00,0x00,0x00,0x00,0x00,0x00,0x00,0x00,0x00,0x00,0x00,0x00,0x00,0x00,0x00,0x00,0x00,0x00,0x00,0x00,0x00,0x00,0x00,0x00,0x00,0x00,0x00,0x00,0x00,0x00,0x00,0x00,0x00,0x00,0x00,0x00,0x00,0x00,0x00,0x00,0x00,0x00,0x00,0x00,0x00,0x00,0x00,0x00,0x00,0x00,0x00,0x00,0x00,0x00,0x00,0x00,0x00,0x00,0x00,0x00,0x00,0x00,0x00,0x00,0x00,0x00,0x00,0x00,0x00,0x00,0x00,0x00,0x00,0x00,0x00,0x00,0x00,0x00,0x00,0x00,0x00,0x00,0x00,0x00,0x00,0x00,0x00,0x1c,0x12,0x7c,0xa5,0x06,0x80,0x00,0x00},
    },
    {
        {0x00,0x00,0x00,0x00,0x00,0x00,0x00,0x00,0x00,0x00,0x00,0x00,0x00,0x00,0x00,0x00,0x00,0x00,0x00,0x00,0x00,0x00,0x00,0x00,0x00,0x00,0x00,0x00,0x00,0x00,0x00,0x00,0x00,0x00,0x00,0x00,0x00,0x00,0x00,0x00,0x00,0x00,0x00,0x00,0x00,0x00,0x00,0x00,0x00,0x00,0x00,0x00,0x00,0x00,0x00,0x00,0x00,0x00,0x00,0x00,0x00,0x00,0x00,0x00,0x00,0x00,0x00,0x00,0x00,0x00,0x00,0x00,0x00,0x00,0x00,0x00,0x00,0x00,0x00,0x00,0x00,0x00,0x00,0x00,0x00,0x00,0x00,0x1c,0x12,0x7c,0xa5,0x06,0x80,0x00,0x00},
        {0x00,0x00,0x00,0x00,0x00,0x00,0x00,0x00,0x00,0x00,0x00,0x00,0x00,0x00,0x00,0x00,0x00,0x00,0x00,0x00,0x00,0x00,0x00,0x00,0x00,0x00,0x00,0x00,0x00,0x00,0x00,0x00,0x00,0x00,0x00,0x00,0x00,0x00,0x00,0x00,0x00,0x00,0x00,0x00,0x00,0x00,0x00,0x00,0x00,0x00,0x00,0x00,0x00,0x00,0x00,0x00,0x00,0x00,0x00,0x00,0x00,0x00,0x00,0x00,0x00,0x00,0x00,0x00,0x00,0x00,0x00,0x00,0x00,0x00,0x00,0x00,0x00,0x00,0x00,0x00,0x00,0x00,0x00,0x00,0x00,0x00,0x00,0x1c,0x12,0x7c,0xa5,0x06,0x80,0x00,0x00},
    },
    {
        {0x00,0x00,0x00,0x00,0x00,0x00,0x00,0x00,0x00,0x00,0x00,0x00,0x00,0x00,0x00,0x00,0x00,0x00,0x00,0x00,0x00,0x00,0x00,0x00,0x00,0x00,0x00,0x00,0x00,0x00,0x00,0x00,0x00,0x00,0x00,0x00,0x00,0x00,0x00,0x00,0x00,0x00,0x00,0x00,0x00,0x00,0x00,0x00,0x00,0x00,0x00,0x00,0x00,0x00,0x00,0x00,0x00,0x00,0x00,0x00,0x00,0x00,0x00,0x00,0x00,0x00,0x00,0x00,0x00,0x00,0x00,0x00,0x00,0x00,0x00,0x00,0x00,0x00,0x00,0x00,0x00,0x00,0x00,0x00,0x00,0x00,0x00,0x1c,0x12,0x7c,0xa5,0x06,0x80,0x00,0x00},
        {0x00,0x00,0x00,0x00,0x00,0x00,0x00,0x00,0x00,0x00,0x00,0x00,0x00,0x00,0x00,0x00,0x00,0x00,0x00,0x00,0x00,0x00,0x00,0x00,0x00,0x00,0x00,0x00,0x00,0x00,0x00,0x00,0x00,0x00,0x00,0x00,0x00,0x00,0x00,0x00,0x00,0x00,0x00,0x00,0x00,0x00,0x00,0x00,0x00,0x00,0x00,0x00,0x00,0x00,0x00,0x00,0x00,0x00,0x00,0x00,0x00,0x00,0x00,0x00,0x00,0x00,0x00,0x00,0x00,0x00,0x00,0x00,0x00,0x00,0x00,0x00,0x00,0x00,0x00,0x00,0x00,0x00,0x00,0x00,0x00,0x00,0x00,0x1c,0x12,0x7c,0xa5,0x06,0x80,0x00,0x00},
    },
    {
        {0x00,0x00,0x00,0x00,0x00,0x00,0x00,0x00,0x00,0x00,0x00,0x00,0x00,0x00,0x00,0x00,0x00,0x00,0x00,0x00,0x00,0x00,0x00,0x00,0x00,0x00,0x00,0x00,0x00,0x00,0x00,0x00,0x00,0x00,0x00,0x00,0x00,0x00,0x00,0x00,0x00,0x00,0x00,0x00,0x00,0x00,0x00,0x00,0x00,0x00,0x00,0x00,0x00,0x00,0x00,0x00,0x00,0x00,0x00,0x00,0x00,0x00,0x00,0x00,0x00,0x00,0x00,0x00,0x00,0x00,0x00,0x00,0x00,0x00,0x00,0x00,0x00,0x00,0x00,0x00,0x00,0x00,0x00,0x00,0x00,0x00,0x00,0x1c,0x12,0x7c,0xa5,0x06,0x80,0x00,0x00},
        {0x00,0x00,0x00,0x00,0x00,0x00,0x00,0x00,0x00,0x00,0x00,0x00,0x00,0x00,0x00,0x00,0x00,0x00,0x00,0x00,0x00,0x00,0x00,0x00,0x00,0x00,0x00,0x00,0x00,0x00,0x00,0x00,0x00,0x00,0x00,0x00,0x00,0x00,0x00,0x00,0x00,0x00,0x00,0x00,0x00,0x00,0x00,0x00,0x00,0x00,0x00,0x00,0x00,0x00,0x00,0x00,0x00,0x00,0x00,0x00,0x00,0x00,0x00,0x00,0x00,0x00,0x00,0x00,0x00,0x00,0x00,0x00,0x00,0x00,0x00,0x00,0x00,0x00,0x00,0x00,0x00,0x00,0x00,0x00,0x00,0x00,0x00,0x1c,0x12,0x7c,0xa5,0x06,0x80,0x00,0x00},
    },
    {
        {0x00,0x00,0x00,0x00,0x00,0x00,0x00,0x00,0x00,0x00,0x00,0x00,0x00,0x00,0x00,0x00,0x00,0x00,0x00,0x00,0x00,0x00,0x00,0x00,0x00,0x00,0x00,0x00,0x00,0x00,0x00,0x00,0x00,0x00,0x00,0x00,0x00,0x00,0x00,0x00,0x00,0x00,0x00,0x00,0x00,0x00,0x00,0x00,0x00,0x00,0x00,0x00,0x00,0x00,0x00,0x00,0x00,0x00,0x00,0x00,0x00,0x00,0x00,0x00,0x00,0x00,0x00,0x00,0x00,0x00,0x00,0x00,0x00,0x00,0x00,0x00,0x00,0x00,0x00,0x00,0x00,0x00,0x00,0x00,0x00,0x00,0x00,0x1c,0x12,0x7c,0xa5,0x06,0x80,0x00,0x00},
        {0x00,0x00,0x00,0x00,0x00,0x00,0x00,0x00,0x00,0x00,0x00,0x00,0x00,0x00,0x00,0x00,0x00,0x00,0x00,0x00,0x00,0x00,0x00,0x00,0x00,0x00,0x00,0x00,0x00,0x00,0x00,0x00,0x00,0x00,0x00,0x00,0x00,0x00,0x00,0x00,0x00,0x00,0x00,0x00,0x00,0x00,0x00,0x00,0x00,0x00,0x00,0x00,0x00,0x00,0x00,0x00,0x00,0x00,0x00,0x00,0x00,0x00,0x00,0x00,0x00,0x00,0x00,0x00,0x00,0x00,0x00,0x00,0x00,0x00,0x00,0x00,0x00,0x00,0x00,0x00,0x00,0x00,0x00,0x00,0x00,0x00,0x00,0x1c,0x12,0x7c,0xa5,0x06,0x80,0x00,0x00},
    },
    {
        {0x00,0x00,0x00,0x00,0x00,0x00,0x00,0x00,0x00,0x00,0x00,0x00,0x00,0x00,0x00,0x00,0x00,0x00,0x00,0x00,0x00,0x00,0x00,0x00,0x00,0x00,0x00,0x00,0x00,0x00,0x00,0x00,0x00,0x00,0x00,0x00,0x00,0x00,0x00,0x00,0x00,0x00,0x00,0x00,0x00,0x00,0x00,0x00,0x00,0x00,0x00,0x00,0x00,0x00,0x00,0x00,0x00,0x00,0x00,0x00,0x00,0x00,0x00,0x00,0x00,0x00,0x00,0x00,0x00,0x00,0x00,0x00,0x00,0x00,0x00,0x00,0x00,0x00,0x00,0x00,0x00,0x00,0x00,0x00,0x00,0x00,0x00,0x1c,0x12,0x7c,0xa5,0x06,0x80,0x00,0x00},
        {0x00,0x00,0x00,0x00,0x00,0x00,0x00,0x00,0x00,0x00,0x00,0x00,0x00,0x00,0x00,0x00,0x00,0x00,0x00,0x00,0x00,0x00,0x00,0x00,0x00,0x00,0x00,0x00,0x00,0x00,0x00,0x00,0x00,0x00,0x00,0x00,0x00,0x00,0x00,0x00,0x00,0x00,0x00,0x00,0x00,0x00,0x00,0x00,0x00,0x00,0x00,0x00,0x00,0x00,0x00,0x00,0x00,0x00,0x00,0x00,0x00,0x00,0x00,0x00,0x00,0x00,0x00,0x00,0x00,0x00,0x00,0x00,0x00,0x00,0x00,0x00,0x00,0x00,0x00,0x00,0x00,0x00,0x00,0x00,0x00,0x00,0x00,0x1c,0x12,0x7c,0xa5,0x06,0x80,0x00,0x00},
    },
    {
        {0x00,0x00,0x00,0x00,0x00,0x00,0x00,0x00,0x00,0x00,0x00,0x00,0x00,0x00,0x00,0x00,0x00,0x00,0x00,0x00,0x00,0x00,0x00,0x00,0x00,0x00,0x00,0x00,0x00,0x00,0x00,0x00,0x00,0x00,0x00,0x00,0x00,0x00,0x00,0x00,0x00,0x00,0x00,0x00,0x00,0x00,0x00,0x00,0x00,0x00,0x00,0x00,0x00,0x00,0x00,0x00,0x00,0x00,0x00,0x00,0x00,0x00,0x00,0x00,0x00,0x00,0x00,0x00,0x00,0x00,0x00,0x00,0x00,0x00,0x00,0x00,0x00,0x00,0x00,0x00,0x00,0x00,0x00,0x00,0x00,0x00,0x00,0x1c,0x12,0x7c,0xa5,0x06,0x80,0x00,0x00},
        {0x00,0x00,0x00,0x00,0x00,0x00,0x00,0x00,0x00,0x00,0x00,0x00,0x00,0x00,0x00,0x00,0x00,0x00,0x00,0x00,0x00,0x00,0x00,0x00,0x00,0x00,0x00,0x00,0x00,0x00,0x00,0x00,0x00,0x00,0x00,0x00,0x00,0x00,0x00,0x00,0x00,0x00,0x00,0x00,0x00,0x00,0x00,0x00,0x00,0x00,0x00,0x00,0x00,0x00,0x00,0x00,0x00,0x00,0x00,0x00,0x00,0x00,0x00,0x00,0x00,0x00,0x00,0x00,0x00,0x00,0x00,0x00,0x00,0x00,0x00,0x00,0x00,0x00,0x00,0x00,0x00,0x00,0x00,0x00,0x00,0x00,0x00,0x1c,0x12,0x7c,0xa5,0x06,0x80,0x00,0x00},
    },
    {
        {0x00,0x00,0x00,0x00,0x00,0x00,0x00,0x00,0x00,0x00,0x00,0x00,0x00,0x00,0x00,0x00,0x00,0x00,0x00,0x00,0x00,0x00,0x00,0x00,0x00,0x00,0x00,0x00,0x00,0x00,0x00,0x00,0x00,0x00,0x00,0x00,0x00,0x00,0x00,0x00,0x00,0x00,0x00,0x00,0x00,0x00,0x00,0x00,0x00,0x00,0x00,0x00,0x00,0x00,0x00,0x00,0x00,0x00,0x00,0x00,0x00,0x00,0x00,0x00,0x00,0x00,0x00,0x00,0x00,0x00,0x00,0x00,0x00,0x00,0x00,0x00,0x00,0x00,0x00,0x00,0x00,0x00,0x00,0x00,0x00,0x00,0x00,0x1c,0x12,0x7c,0xa5,0x06,0x80,0x00,0x00},
        {0x00,0x00,0x00,0x00,0x00,0x00,0x00,0x00,0x00,0x00,0x00,0x00,0x00,0x00,0x00,0x00,0x00,0x00,0x00,0x00,0x00,0x00,0x00,0x00,0x00,0x00,0x00,0x00,0x00,0x00,0x00,0x00,0x00,0x00,0x00,0x00,0x00,0x00,0x00,0x00,0x00,0x00,0x00,0x00,0x00,0x00,0x00,0x00,0x00,0x00,0x00,0x00,0x00,0x00,0x00,0x00,0x00,0x00,0x00,0x00,0x00,0x00,0x00,0x00,0x00,0x00,0x00,0x00,0x00,0x00,0x00,0x00,0x00,0x00,0x00,0x00,0x00,0x00,0x00,0x00,0x00,0x00,0x00,0x00,0x00,0x00,0x00,0x1c,0x12,0x7c,0xa5,0x06,0x80,0x00,0x00},
    },
    {
        {0x00,0x00,0x00,0x00,0x00,0x00,0x00,0x00,0x00,0x00,0x00,0x00,0x00,0x00,0x00,0x00,0x00,0x00,0x00,0x00,0x00,0x00,0x00,0x00,0x00,0x00,0x00,0x00,0x00,0x00,0x00,0x00,0x00,0x00,0x00,0x00,0x00,0x00,0x00,0x00,0x00,0x00,0x00,0x00,0x00,0x00,0x00,0x00,0x00,0x00,0x00,0x00,0x00,0x00,0x00,0x00,0x00,0x00,0x00,0x00,0x00,0x00,0x00,0x00,0x00,0x00,0x00,0x00,0x00,0x00,0x00,0x00,0x00,0x00,0x00,0x00,0x00,0x00,0x00,0x00,0x00,0x00,0x00,0x00,0x00,0x00,0x00,0x1c,0x12,0x7c,0xa5,0x06,0x80,0x00,0x00},
        {0x00,0x00,0x00,0x00,0x00,0x00,0x00,0x00,0x00,0x00,0x00,0x00,0x00,0x00,0x00,0x00,0x00,0x00,0x00,0x00,0x00,0x00,0x00,0x00,0x00,0x00,0x00,0x00,0x00,0x00,0x00,0x00,0x00,0x00,0x00,0x00,0x00,0x00,0x00,0x00,0x00,0x00,0x00,0x00,0x00,0x00,0x00,0x00,0x00,0x00,0x00,0x00,0x00,0x00,0x00,0x00,0x00,0x00,0x00,0x00,0x00,0x00,0x00,0x00,0x00,0x00,0x00,0x00,0x00,0x00,0x00,0x00,0x00,0x00,0x00,0x00,0x00,0x00,0x00,0x00,0x00,0x00,0x00,0x00,0x00,0x00,0x00,0x1c,0x12,0x7c,0xa5,0x06,0x80,0x00,0x00},
    },
    {
        {0x00,0x00,0x00,0x00,0x00,0x00,0x00,0x00,0x00,0x00,0x00,0x00,0x00,0x00,0x00,0x00,0x00,0x00,0x00,0x00,0x00,0x00,0x00,0x00,0x00,0x00,0x00,0x00,0x00,0x00,0x00,0x00,0x00,0x00,0x00,0x00,0x00,0x00,0x00,0x00,0x00,0x00,0x00,0x00,0x00,0x00,0x00,0x00,0x00,0x00,0x00,0x00,0x00,0x00,0x00,0x00,0x00,0x00,0x00,0x00,0x00,0x00,0x00,0x00,0x00,0x00,0x00,0x00,0x00,0x00,0x00,0x00,0x00,0x00,0x00,0x00,0x00,0x00,0x00,0x00,0x00,0x00,0x00,0x00,0x00,0x00,0x00,0x1c,0x12,0x7c,0xa5,0x06,0x80,0x00,0x00},
        {0x00,0x00,0x00,0x00,0x00,0x00,0x00,0x00,0x00,0x00,0x00,0x00,0x00,0x00,0x00,0x00,0x00,0x00,0x00,0x00,0x00,0x00,0x00,0x00,0x00,0x00,0x00,0x00,0x00,0x00,0x00,0x00,0x00,0x00,0x00,0x00,0x00,0x00,0x00,0x00,0x00,0x00,0x00,0x00,0x00,0x00,0x00,0x00,0x00,0x00,0x00,0x00,0x00,0x00,0x00,0x00,0x00,0x00,0x00,0x00,0x00,0x00,0x00,0x00,0x00,0x00,0x00,0x00,0x00,0x00,0x00,0x00,0x00,0x00,0x00,0x00,0x00,0x00,0x00,0x00,0x00,0x00,0x00,0x00,0x00,0x00,0x00,0x1c,0x12,0x7c,0xa5,0x06,0x80,0x00,0x00},
    },
    {
        {0x00,0x00,0x00,0x00,0x00,0x00,0x00,0x00,0x00,0x00,0x00,0x00,0x00,0x00,0x00,0x00,0x00,0x00,0x00,0x00,0x00,0x00,0x00,0x00,0x00,0x00,0x00,0x00,0x00,0x00,0x00,0x00,0x00,0x00,0x00,0x00,0x00,0x00,0x00,0x00,0x00,0x00,0x00,0x00,0x00,0x00,0x00,0x00,0x00,0x00,0x00,0x00,0x00,0x00,0x00,0x00,0x00,0x00,0x00,0x00,0x00,0x00,0x00,0x00,0x00,0x00,0x00,0x00,0x00,0x00,0x00,0x00,0x00,0x00,0x00,0x00,0x00,0x00,0x00,0x00,0x00,0x00,0x00,0x00,0x00,0x00,0x00,0x1c,0x12,0x7c,0xa5,0x06,0x80,0x00,0x00},
        {0x00,0x00,0x00,0x00,0x00,0x00,0x00,0x00,0x00,0x00,0x00,0x00,0x00,0x00,0x00,0x00,0x00,0x00,0x00,0x00,0x00,0x00,0x00,0x00,0x00,0x00,0x00,0x00,0x00,0x00,0x00,0x00,0x00,0x00,0x00,0x00,0x00,0x00,0x00,0x00,0x00,0x00,0x00,0x00,0x00,0x00,0x00,0x00,0x00,0x00,0x00,0x00,0x00,0x00,0x00,0x00,0x00,0x00,0x00,0x00,0x00,0x00,0x00,0x00,0x00,0x00,0x00,0x00,0x00,0x00,0x00,0x00,0x00,0x00,0x00,0x00,0x00,0x00,0x00,0x00,0x00,0x00,0x00,0x00,0x00,0x00,0x00,0x1c,0x12,0x7c,0xa5,0x06,0x80,0x00,0x00},
    },
    {
        {0x00,0x00,0x00,0x00,0x00,0x00,0x00,0x00,0x00,0x00,0x00,0x00,0x00,0x00,0x00,0x00,0x00,0x00,0x00,0x00,0x00,0x00,0x00,0x00,0x00,0x00,0x00,0x00,0x00,0x00,0x00,0x00,0x00,0x00,0x00,0x00,0x00,0x00,0x00,0x00,0x00,0x00,0x00,0x00,0x00,0x00,0x00,0x00,0x00,0x00,0x00,0x00,0x00,0x00,0x00,0x00,0x00,0x00,0x00,0x00,0x00,0x00,0x00,0x00,0x00,0x00,0x00,0x00,0x00,0x00,0x00,0x00,0x00,0x00,0x00,0x00,0x00,0x00,0x00,0x00,0x00,0x00,0x00,0x00,0x00,0x00,0x00,0x1c,0x12,0x7c,0xa5,0x06,0x80,0x00,0x00},
        {0x00,0x00,0x00,0x00,0x00,0x00,0x00,0x00,0x00,0x00,0x00,0x00,0x00,0x00,0x00,0x00,0x00,0x00,0x00,0x00,0x00,0x00,0x00,0x00,0x00,0x00,0x00,0x00,0x00,0x00,0x00,0x00,0x00,0x00,0x00,0x00,0x00,0x00,0x00,0x00,0x00,0x00,0x00,0x00,0x00,0x00,0x00,0x00,0x00,0x00,0x00,0x00,0x00,0x00,0x00,0x00,0x00,0x00,0x00,0x00,0x00,0x00,0x00,0x00,0x00,0x00,0x00,0x00,0x00,0x00,0x00,0x00,0x00,0x00,0x00,0x00,0x00,0x00,0x00,0x00,0x00,0x00,0x00,0x00,0x00,0x00,0x00,0x1c,0x12,0x7c,0xa5,0x06,0x80,0x00,0x00},
    },
    {
        {0x00,0x00,0x00,0x00,0x00,0x00,0x00,0x00,0x00,0x00,0x00,0x00,0x00,0x00,0x00,0x00,0x00,0x00,0x00,0x00,0x00,0x00,0x00,0x00,0x00,0x00,0x00,0x00,0x00,0x00,0x00,0x00,0x00,0x00,0x00,0x00,0x00,0x00,0x00,0x00,0x00,0x00,0x00,0x00,0x00,0x00,0x00,0x00,0x00,0x00,0x00,0x00,0x00,0x00,0x00,0x00,0x00,0x00,0x00,0x00,0x00,0x00,0x00,0x00,0x00,0x00,0x00,0x00,0x00,0x00,0x00,0x00,0x00,0x00,0x00,0x00,0x00,0x00,0x00,0x00,0x00,0x00,0x00,0x00,0x00,0x00,0x00,0x1c,0x12,0x7c,0xa5,0x06,0x80,0x00,0x00},
        {0x00,0x00,0x00,0x00,0x00,0x00,0x00,0x00,0x00,0x00,0x00,0x00,0x00,0x00,0x00,0x00,0x00,0x00,0x00,0x00,0x00,0x00,0x00,0x00,0x00,0x00,0x00,0x00,0x00,0x00,0x00,0x00,0x00,0x00,0x00,0x00,0x00,0x00,0x00,0x00,0x00,0x00,0x00,0x00,0x00,0x00,0x00,0x00,0x00,0x00,0x00,0x00,0x00,0x00,0x00,0x00,0x00,0x00,0x00,0x00,0x00,0x00,0x00,0x00,0x00,0x00,0x00,0x00,0x00,0x00,0x00,0x00,0x00,0x00,0x00,0x00,0x00,0x00,0x00,0x00,0x00,0x00,0x00,0x00,0x00,0x00,0x00,0x1c,0x12,0x7c,0xa5,0x06,0x80,0x00,0x00},
    },
    {
        {0x00,0x00,0x00,0x00,0x00,0x00,0x00,0x00,0x00,0x00,0x00,0x00,0x00,0x00,0x00,0x00,0x00,0x00,0x00,0x00,0x00,0x00,0x00,0x00,0x00,0x00,0x00,0x00,0x00,0x00,0x00,0x00,0x00,0x00,0x00,0x00,0x00,0x00,0x00,0x00,0x00,0x00,0x00,0x00,0x00,0x00,0x00,0x00,0x00,0x00,0x00,0x00,0x00,0x00,0x00,0x00,0x00,0x00,0x00,0x00,0x00,0x00,0x00,0x00,0x00,0x00,0x00,0x00,0x00,0x00,0x00,0x00,0x00,0x00,0x00,0x00,0x00,0x00,0x00,0x00,0x00,0x00,0x00,0x00,0x00,0x00,0x00,0x1c,0x12,0x7c,0xa5,0x06,0x80,0x00,0x00},
        {0x00,0x00,0x00,0x00,0x00,0x00,0x00,0x00,0x00,0x00,0x00,0x00,0x00,0x00,0x00,0x00,0x00,0x00,0x00,0x00,0x00,0x00,0x00,0x00,0x00,0x00,0x00,0x00,0x00,0x00,0x00,0x00,0x00,0x00,0x00,0x00,0x00,0x00,0x00,0x00,0x00,0x00,0x00,0x00,0x00,0x00,0x00,0x00,0x00,0x00,0x00,0x00,0x00,0x00,0x00,0x00,0x00,0x00,0x00,0x00,0x00,0x00,0x00,0x00,0x00,0x00,0x00,0x00,0x00,0x00,0x00,0x00,0x00,0x00,0x00,0x00,0x00,0x00,0x00,0x00,0x00,0x00,0x00,0x00,0x00,0x00,0x00,0x1c,0x12,0x7c,0xa5,0x06,0x80,0x00,0x00},
    },
    {
        {0x00,0x00,0x00,0x00,0x00,0x00,0x00,0x00,0x00,0x00,0x00,0x00,0x00,0x00,0x00,0x00,0x00,0x00,0x00,0x00,0x00,0x00,0x00,0x00,0x00,0x00,0x00,0x00,0x00,0x00,0x00,0x00,0x00,0x00,0x00,0x00,0x00,0x00,0x00,0x00,0x00,0x00,0x00,0x00,0x00,0x00,0x00,0x00,0x00,0x00,0x00,0x00,0x00,0x00,0x00,0x00,0x00,0x00,0x00,0x00,0x00,0x00,0x00,0x00,0x00,0x00,0x00,0x00,0x00,0x00,0x00,0x00,0x00,0x00,0x00,0x00,0x00,0x00,0x00,0x00,0x00,0x00,0x00,0x00,0x00,0x00,0x00,0x1c,0x12,0x7c,0xa5,0x06,0x80,0x00,0x00},
        {0x00,0x00,0x00,0x00,0x00,0x00,0x00,0x00,0x00,0x00,0x00,0x00,0x00,0x00,0x00,0x00,0x00,0x00,0x00,0x00,0x00,0x00,0x00,0x00,0x00,0x00,0x00,0x00,0x00,0x00,0x00,0x00,0x00,0x00,0x00,0x00,0x00,0x00,0x00,0x00,0x00,0x00,0x00,0x00,0x00,0x00,0x00,0x00,0x00,0x00,0x00,0x00,0x00,0x00,0x00,0x00,0x00,0x00,0x00,0x00,0x00,0x00,0x00,0x00,0x00,0x00,0x00,0x00,0x00,0x00,0x00,0x00,0x00,0x00,0x00,0x00,0x00,0x00,0x00,0x00,0x00,0x00,0x00,0x00,0x00,0x00,0x00,0x1c,0x12,0x7c,0xa5,0x06,0x80,0x00,0x00},
    },
    {
        {0x00,0x00,0x00,0x00,0x00,0x00,0x00,0x00,0x00,0x00,0x00,0x00,0x00,0x00,0x00,0x00,0x00,0x00,0x00,0x00,0x00,0x00,0x00,0x00,0x00,0x00,0x00,0x00,0x00,0x00,0x00,0x00,0x00,0x00,0x00,0x00,0x00,0x00,0x00,0x00,0x00,0x00,0x00,0x00,0x00,0x00,0x00,0x00,0x00,0x00,0x00,0x00,0x00,0x00,0x00,0x00,0x00,0x00,0x00,0x00,0x00,0x00,0x00,0x00,0x00,0x00,0x00,0x00,0x00,0x00,0x00,0x00,0x00,0x00,0x00,0x00,0x00,0x00,0x00,0x00,0x00,0x00,0x00,0x00,0x00,0x00,0x00,0x1c,0x12,0x7c,0xa5,0x06,0x80,0x00,0x00},
        {0x00,0x00,0x00,0x00,0x00,0x00,0x00,0x00,0x00,0x00,0x00,0x00,0x00,0x00,0x00,0x00,0x00,0x00,0x00,0x00,0x00,0x00,0x00,0x00,0x00,0x00,0x00,0x00,0x00,0x00,0x00,0x00,0x00,0x00,0x00,0x00,0x00,0x00,0x00,0x00,0x00,0x00,0x00,0x00,0x00,0x00,0x00,0x00,0x00,0x00,0x00,0x00,0x00,0x00,0x00,0x00,0x00,0x00,0x00,0x00,0x00,0x00,0x00,0x00,0x00,0x00,0x00,0x00,0x00,0x00,0x00,0x00,0x00,0x00,0x00,0x00,0x00,0x00,0x00,0x00,0x00,0x00,0x00,0x00,0x00,0x00,0x00,0x1c,0x12,0x7c,0xa5,0x06,0x80,0x00,0x00},
    },
    {
        {0x00,0x00,0x00,0x00,0x00,0x00,0x00,0x00,0x00,0x00,0x00,0x00,0x00,0x00,0x00,0x00,0x00,0x00,0x00,0x00,0x00,0x00,0x00,0x00,0x00,0x00,0x00,0x00,0x00,0x00,0x00,0x00,0x00,0x00,0x00,0x00,0x00,0x00,0x00,0x00,0x00,0x00,0x00,0x00,0x00,0x00,0x00,0x00,0x00,0x00,0x00,0x00,0x00,0x00,0x00,0x00,0x00,0x00,0x00,0x00,0x00,0x00,0x00,0x00,0x00,0x00,0x00,0x00,0x00,0x00,0x00,0x00,0x00,0x00,0x00,0x00,0x00,0x00,0x00,0x00,0x00,0x00,0x00,0x00,0x00,0x00,0x00,0x1c,0x12,0x7c,0xa5,0x06,0x80,0x00,0x00},
        {0x00,0x00,0x00,0x00,0x00,0x00,0x00,0x00,0x00,0x00,0x00,0x00,0x00,0x00,0x00,0x00,0x00,0x00,0x00,0x00,0x00,0x00,0x00,0x00,0x00,0x00,0x00,0x00,0x00,0x00,0x00,0x00,0x00,0x00,0x00,0x00,0x00,0x00,0x00,0x00,0x00,0x00,0x00,0x00,0x00,0x00,0x00,0x00,0x00,0x00,0x00,0x00,0x00,0x00,0x00,0x00,0x00,0x00,0x00,0x00,0x00,0x00,0x00,0x00,0x00,0x00,0x00,0x00,0x00,0x00,0x00,0x00,0x00,0x00,0x00,0x00,0x00,0x00,0x00,0x00,0x00,0x00,0x00,0x00,0x00,0x00,0x00,0x1c,0x12,0x7c,0xa5,0x06,0x80,0x00,0x00},
    },
    {
        {0x00,0x00,0x00,0x00,0x00,0x00,0x00,0x00,0x00,0x00,0x00,0x00,0x00,0x00,0x00,0x00,0x00,0x00,0x00,0x00,0x00,0x00,0x00,0x00,0x00,0x00,0x00,0x00,0x00,0x00,0x00,0x00,0x00,0x00,0x00,0x00,0x00,0x00,0x00,0x00,0x00,0x00,0x00,0x00,0x00,0x00,0x00,0x00,0x00,0x00,0x00,0x00,0x00,0x00,0x00,0x00,0x00,0x00,0x00,0x00,0x00,0x00,0x00,0x00,0x00,0x00,0x00,0x00,0x00,0x00,0x00,0x00,0x00,0x00,0x00,0x00,0x00,0x00,0x00,0x00,0x00,0x00,0x00,0x00,0x00,0x00,0x00,0x1c,0x12,0x7c,0xa5,0x06,0x80,0x00,0x00},
        {0x00,0x00,0x00,0x00,0x00,0x00,0x00,0x00,0x00,0x00,0x00,0x00,0x00,0x00,0x00,0x00,0x00,0x00,0x00,0x00,0x00,0x00,0x00,0x00,0x00,0x00,0x00,0x00,0x00,0x00,0x00,0x00,0x00,0x00,0x00,0x00,0x00,0x00,0x00,0x00,0x00,0x00,0x00,0x00,0x00,0x00,0x00,0x00,0x00,0x00,0x00,0x00,0x00,0x00,0x00,0x00,0x00,0x00,0x00,0x00,0x00,0x00,0x00,0x00,0x00,0x00,0x00,0x00,0x00,0x00,0x00,0x00,0x00,0x00,0x00,0x00,0x00,0x00,0x00,0x00,0x00,0x00,0x00,0x00,0x00,0x00,0x00,0x1c,0x12,0x7c,0xa5,0x06,0x80,0x00,0x00},
    },
    {
        {0x00,0x00,0x00,0x00,0x00,0x00,0x00,0x00,0x00,0x00,0x00,0x00,0x00,0x00,0x00,0x00,0x00,0x00,0x00,0x00,0x00,0x00,0x00,0x00,0x00,0x00,0x00,0x00,0x00,0x00,0x00,0x00,0x00,0x00,0x00,0x00,0x00,0x00,0x00,0x00,0x00,0x00,0x00,0x00,0x00,0x00,0x00,0x00,0x00,0x00,0x00,0x00,0x00,0x00,0x00,0x00,0x00,0x00,0x00,0x00,0x00,0x00,0x00,0x00,0x00,0x00,0x00,0x00,0x00,0x00,0x00,0x00,0x00,0x00,0x00,0x00,0x00,0x00,0x00,0x00,0x00,0x00,0x00,0x00,0x00,0x00,0x00,0x1c,0x12,0x7c,0xa5,0x06,0x80,0x00,0x00},
        {0x00,0x00,0x00,0x00,0x00,0x00,0x00,0x00,0x00,0x00,0x00,0x00,0x00,0x00,0x00,0x00,0x00,0x00,0x00,0x00,0x00,0x00,0x00,0x00,0x00,0x00,0x00,0x00,0x00,0x00,0x00,0x00,0x00,0x00,0x00,0x00,0x00,0x00,0x00,0x00,0x00,0x00,0x00,0x00,0x00,0x00,0x00,0x00,0x00,0x00,0x00,0x00,0x00,0x00,0x00,0x00,0x00,0x00,0x00,0x00,0x00,0x00,0x00,0x00,0x00,0x00,0x00,0x00,0x00,0x00,0x00,0x00,0x00,0x00,0x00,0x00,0x00,0x00,0x00,0x00,0x00,0x00,0x00,0x00,0x00,0x00,0x00,0x1c,0x12,0x7c,0xa5,0x06,0x80,0x00,0x00},
    },
    {
        {0x00,0x00,0x00,0x00,0x00,0x00,0x00,0x00,0x00,0x00,0x00,0x00,0x00,0x00,0x00,0x00,0x00,0x00,0x00,0x00,0x00,0x00,0x00,0x00,0x00,0x00,0x00,0x00,0x00,0x00,0x00,0x00,0x00,0x00,0x00,0x00,0x00,0x00,0x00,0x00,0x00,0x00,0x00,0x00,0x00,0x00,0x00,0x00,0x00,0x00,0x00,0x00,0x00,0x00,0x00,0x00,0x00,0x00,0x00,0x00,0x00,0x00,0x00,0x00,0x00,0x00,0x00,0x00,0x00,0x00,0x00,0x00,0x00,0x00,0x00,0x00,0x00,0x00,0x00,0x00,0x00,0x00,0x00,0x00,0x00,0x00,0x00,0x1c,0x12,0x7c,0xa5,0x06,0x80,0x00,0x00},
        {0x00,0x00,0x00,0x00,0x00,0x00,0x00,0x00,0x00,0x00,0x00,0x00,0x00,0x00,0x00,0x00,0x00,0x00,0x00,0x00,0x00,0x00,0x00,0x00,0x00,0x00,0x00,0x00,0x00,0x00,0x00,0x00,0x00,0x00,0x00,0x00,0x00,0x00,0x00,0x00,0x00,0x00,0x00,0x00,0x00,0x00,0x00,0x00,0x00,0x00,0x00,0x00,0x00,0x00,0x00,0x00,0x00,0x00,0x00,0x00,0x00,0x00,0x00,0x00,0x00,0x00,0x00,0x00,0x00,0x00,0x00,0x00,0x00,0x00,0x00,0x00,0x00,0x00,0x00,0x00,0x00,0x00,0x00,0x00,0x00,0x00,0x00,0x1c,0x12,0x7c,0xa5,0x06,0x80,0x00,0x00},
    },
    {
        {0x00,0x00,0x00,0x00,0x00,0x00,0x00,0x00,0x00,0x00,0x00,0x00,0x00,0x00,0x00,0x00,0x00,0x00,0x00,0x00,0x00,0x00,0x00,0x00,0x00,0x00,0x00,0x00,0x00,0x00,0x00,0x00,0x00,0x00,0x00,0x00,0x00,0x00,0x00,0x00,0x00,0x00,0x00,0x00,0x00,0x00,0x00,0x00,0x00,0x00,0x00,0x00,0x00,0x00,0x00,0x00,0x00,0x00,0x00,0x00,0x00,0x00,0x00,0x00,0x00,0x00,0x00,0x00,0x00,0x00,0x00,0x00,0x00,0x00,0x00,0x00,0x00,0x00,0x00,0x00,0x00,0x00,0x00,0x00,0x00,0x00,0x00,0x1c,0x12,0x7c,0xa5,0x06,0x80,0x00,0x00},
        {0x00,0x00,0x00,0x00,0x00,0x00,0x00,0x00,0x00,0x00,0x00,0x00,0x00,0x00,0x00,0x00,0x00,0x00,0x00,0x00,0x00,0x00,0x00,0x00,0x00,0x00,0x00,0x00,0x00,0x00,0x00,0x00,0x00,0x00,0x00,0x00,0x00,0x00,0x00,0x00,0x00,0x00,0x00,0x00,0x00,0x00,0x00,0x00,0x00,0x00,0x00,0x00,0x00,0x00,0x00,0x00,0x00,0x00,0x00,0x00,0x00,0x00,0x00,0x00,0x00,0x00,0x00,0x00,0x00,0x00,0x00,0x00,0x00,0x00,0x00,0x00,0x00,0x00,0x00,0x00,0x00,0x00,0x00,0x00,0x00,0x00,0x00,0x1c,0x12,0x7c,0xa5,0x06,0x80,0x00,0x00},
    },
    {
        {0x00,0x00,0x00,0x00,0x00,0x00,0x00,0x00,0x00,0x00,0x00,0x00,0x00,0x00,0x00,0x00,0x00,0x00,0x00,0x00,0x00,0x00,0x00,0x00,0x00,0x00,0x00,0x00,0x00,0x00,0x00,0x00,0x00,0x00,0x00,0x00,0x00,0x00,0x00,0x00,0x00,0x00,0x00,0x00,0x00,0x00,0x00,0x00,0x00,0x00,0x00,0x00,0x00,0x00,0x00,0x00,0x00,0x00,0x00,0x00,0x00,0x00,0x00,0x00,0x00,0x00,0x00,0x00,0x00,0x00,0x00,0x00,0x00,0x00,0x00,0x00,0x00,0x00,0x00,0x00,0x00,0x00,0x00,0x00,0x00,0x00,0x00,0x1c,0x12,0x7c,0xa5,0x06,0x80,0x00,0x00},
        {0x00,0x00,0x00,0x00,0x00,0x00,0x00,0x00,0x00,0x00,0x00,0x00,0x00,0x00,0x00,0x00,0x00,0x00,0x00,0x00,0x00,0x00,0x00,0x00,0x00,0x00,0x00,0x00,0x00,0x00,0x00,0x00,0x00,0x00,0x00,0x00,0x00,0x00,0x00,0x00,0x00,0x00,0x00,0x00,0x00,0x00,0x00,0x00,0x00,0x00,0x00,0x00,0x00,0x00,0x00,0x00,0x00,0x00,0x00,0x00,0x00,0x00,0x00,0x00,0x00,0x00,0x00,0x00,0x00,0x00,0x00,0x00,0x00,0x00,0x00,0x00,0x00,0x00,0x00,0x00,0x00,0x00,0x00,0x00,0x00,0x00,0x00,0x1c,0x12,0x7c,0xa5,0x06,0x80,0x00,0x00},
    },
    {
        {0x00,0x00,0x00,0x00,0x00,0x00,0x00,0x00,0x00,0x00,0x00,0x00,0x00,0x00,0x00,0x00,0x00,0x00,0x00,0x00,0x00,0x00,0x00,0x00,0x00,0x00,0x00,0x00,0x00,0x00,0x00,0x00,0x00,0x00,0x00,0x00,0x00,0x00,0x00,0x00,0x00,0x00,0x00,0x00,0x00,0x00,0x00,0x00,0x00,0x00,0x00,0x00,0x00,0x00,0x00,0x00,0x00,0x00,0x00,0x00,0x00,0x00,0x00,0x00,0x00,0x00,0x00,0x00,0x00,0x00,0x00,0x00,0x00,0x00,0x00,0x00,0x00,0x00,0x00,0x00,0x00,0x00,0x00,0x00,0x00,0x00,0x00,0x1c,0x12,0x7c,0xa5,0x06,0x80,0x00,0x00},
        {0x00,0x00,0x00,0x00,0x00,0x00,0x00,0x00,0x00,0x00,0x00,0x00,0x00,0x00,0x00,0x00,0x00,0x00,0x00,0x00,0x00,0x00,0x00,0x00,0x00,0x00,0x00,0x00,0x00,0x00,0x00,0x00,0x00,0x00,0x00,0x00,0x00,0x00,0x00,0x00,0x00,0x00,0x00,0x00,0x00,0x00,0x00,0x00,0x00,0x00,0x00,0x00,0x00,0x00,0x00,0x00,0x00,0x00,0x00,0x00,0x00,0x00,0x00,0x00,0x00,0x00,0x00,0x00,0x00,0x00,0x00,0x00,0x00,0x00,0x00,0x00,0x00,0x00,0x00,0x00,0x00,0x00,0x00,0x00,0x00,0x00,0x00,0x1c,0x12,0x7c,0xa5,0x06,0x80,0x00,0x00},
    },
    {
        {0x00,0x00,0x00,0x00,0x00,0x00,0x00,0x00,0x00,0x00,0x00,0x00,0x00,0x00,0x00,0x00,0x00,0x00,0x00,0x00,0x00,0x00,0x00,0x00,0x00,0x00,0x00,0x00,0x00,0x00,0x00,0x00,0x00,0x00,0x00,0x00,0x00,0x00,0x00,0x00,0x00,0x00,0x00,0x00,0x00,0x00,0x00,0x00,0x00,0x00,0x00,0x00,0x00,0x00,0x00,0x00,0x00,0x00,0x00,0x00,0x00,0x00,0x00,0x00,0x00,0x00,0x00,0x00,0x00,0x00,0x00,0x00,0x00,0x00,0x00,0x00,0x00,0x00,0x00,0x00,0x00,0x00,0x00,0x00,0x00,0x00,0x00,0x1c,0x12,0x7c,0xa5,0x06,0x80,0x00,0x00},
        {0x00,0x00,0x00,0x00,0x00,0x00,0x00,0x00,0x00,0x00,0x00,0x00,0x00,0x00,0x00,0x00,0x00,0x00,0x00,0x00,0x00,0x00,0x00,0x00,0x00,0x00,0x00,0x00,0x00,0x00,0x00,0x00,0x00,0x00,0x00,0x00,0x00,0x00,0x00,0x00,0x00,0x00,0x00,0x00,0x00,0x00,0x00,0x00,0x00,0x00,0x00,0x00,0x00,0x00,0x00,0x00,0x00,0x00,0x00,0x00,0x00,0x00,0x00,0x00,0x00,0x00,0x00,0x00,0x00,0x00,0x00,0x00,0x00,0x00,0x00,0x00,0x00,0x00,0x00,0x00,0x00,0x00,0x00,0x00,0x00,0x00,0x00,0x1c,0x12,0x7c,0xa5,0x06,0x80,0x00,0x00},
    },
    {
        {0x0d,0x8e,0x9c,0x0b,0x3a,0xa8,0xcb,0xaa,0xe3,0x9c,0x8c,0xe3,0xb5,0x3e,0xfe,0xeb,0x79,0x01,0xad,0x74,0x25,0xef,0x40,0x69,0x86,0x66,0x82,0x00,0x01,0x0d,0x98,0xc5,0x2c,0x3a,0xd7,0xf1,0x9f,0x70,0x65,0x00,0x6d,0xd3,0xcb,0x36,0xe5,0xae,0x8b,0x52,0x7a,0x18,0x40,0xd8,0x43,0x65,0x91,0x84,0x21,0x1e,0x83,0x52,0x24,0xea,0x59,0xc3,0x9f,0x4d,0x47,0xa1,0xd4,0x89,0x32,0xb4,0xb3,0x4e,0x08,0x7f,0xec,0x78,0x59,0xed,0x1d,0x9c,0x8f,0x3c,0x41,0xe8,0x3d,0xd4,0x09,0x9e,0xec,0x03,0x55,0x3a,0xee},
        {0x0d,0x8e,0x9c,0x0b,0x3a,0xa8,0xcb,0xaa,0xe3,0x9c,0x8c,0xe3,0xb5,0x3e,0xfe,0xeb,0x79,0x01,0xad,0x74,0x25,0xef,0x40,0x69,0x86,0x66,0x82,0x00,0x01,0x0d,0x98,0xc5,0x2c,0x3a,0xd7,0xf1,0x9f,0x70,0x65,0x00,0x6d,0xd3,0xcb,0x36,0xe5,0xae,0x8b,0x52,0x7a,0x18,0x40,0xd8,0x43,0x65,0x91,0x84,0x21,0x1e,0x83,0x52,0x24,0xea,0x59,0xc3,0x9f,0x4d,0x47,0xa1,0xd4,0x89,0x32,0xb4,0xb3,0x4e,0x08,0x7f,0xec,0x78,0x59,0xed,0x1d,0x9c,0x8f,0x3c,0x41,0xe8,0x3d,0xd4,0x09,0x9e,0xec,0x03,0x55,0x3a,0xee},
    },
    {
        {0xff,0xef,0xc9,0x34,0xcb,0x79,0xe4,0x0b,0x3a,0xd0,0x41,0xdc,0xdf,0xd2,0x89,0x3b,0xee,0x6c,0x37,0x1e,0x89,0xea,0x01,0xf1,0x7a,0x1f,0x04,0x5c,0xf2,0x0b,0x13,0x00,0x00,0x00,0x7e,0x0d,0x0b,0xe8,0x5d,0x41,0x7a,0x06,0x7d,0xbc,0x5c,0x91,0xb1,0x8f,0x4c,0x6a,0xef,0x79,0x4c,0xc3,0xc8,0xca,0x64,0x6a,0x94,0x0a,0xf0,0x0a,0x75,0x5f,0x34,0x6a,0xb5,0x55,0x55,0x52,0xab,0x85,0x04,0x1e,0x95,0xd1,0x8e,0x0c,0x98,0xec,0x6f,0xe3,0x7f,0xee,0x9b,0x88,0xe2,0x18,0xcf,0x9e,0xaa,0x53,0x59,0x44,0xb5},
        {0xff,0xef,0xc9,0x34,0xcb,0x79,0xe4,0x0b,0x3a,0xd0,0x41,0xdc,0xdf,0xd2,0x89,0x3b,0xee,0x6c,0x37,0x1e,0x89,0xea,0x01,0xf1,0x7a,0x1f,0x04,0x5c,0xf2,0x0b,0x13,0x00,0x00,0x00,0x7e,0x0d,0x0b,0xe8,0x5d,0x41,0x7a,0x06,0x7d,0xbc,0x5c,0x91,0xb1,0x8f,0x4c,0x6a,0xef,0x79,0x4c,0xc3,0xc8,0xca,0x64,0x6a,0x94,0x0a,0xf0,0x0a,0x75,0x5f,0x34,0x6a,0xb5,0x55,0x55,0x52,0xab,0x85,0x04,0x1e,0x95,0xd1,0x8e,0x0c,0x98,0xec,0x6f,0xe3,0x7f,0xee,0x9b,0x88,0xe2,0x18,0xcf,0x9e,0xaa,0x53,0x59,0x44,0xb5},
    },
    {
        {0xff,0xd6,0xb2,0xc2,0xac,0xf5,0xf5,0xe8,0x6c,0xc5,0x9f,0xec,0xcd,0x41,0x71,0xd0,0x82,0xcb,0xfa,0xd8,0xd8,0xb2,0x60,0x26,0x21,0x94,0x43,0x46,0xd4,0x6e,0xfd,0xaa,0x37,0xd1,0xd3,0xeb,0x1d,0x24,0xf0,0x7b,0xbd,0x00,0x9b,0x81,0xd0,0x7c,0xab,0xb7,0x9b,0x8b,0xf1,0x63,0x61,0x31,0x0c,0xdb,0x9c,0x68,0x77,0x06,0x31,0xa1,0x93,0x10,0xcd,0xb9,0xc6,0x87,0x71,0x7e,0xde,0x16,0x1a,0xf2,0x5f,0xd8,0x16,0xc9,0xc4,0xc6,0xd3,0x5d,0xc0,0x86,0x7c,0x1d,0xd2,0x21,0xee,0xd9,0x28,0xb2,0x59,0x34,0xea},
        {0xff,0xd6,0xb2,0xc2,0xac,0xf5,0xf5,0xe8,0x6c,0xc5,0x9f,0xec,0xcd,0x41,0x71,0xd0,0x82,0xcb,0xfa,0xd8,0xd8,0xb2,0x60,0x26,0x21,0x94,0x43,0x46,0xd4,0x6e,0xfd,0xaa,0x37,0xd1,0xd3,0xeb,0x1d,0x24,0xf0,0x7b,0xbd,0x00,0x9b,0x81,0xd0,0x7c,0xab,0xb7,0x9b,0x8b,0xf1,0x63,0x61,0x31,0x0c,0xdb,0x9c,0x68,0x77,0x06,0x31,0xa1,0x93,0x10,0xcd,0xb9,0xc6,0x87,0x71,0x7e,0xde,0x16,0x1a,0xf2,0x5f,0xd8,0x16,0xc9,0xc4,0xc6,0xd3,0x5d,0xc0,0x86,0x7c,0x1d,0xd2,0x21,0xee,0xd9,0x28,0xb2,0x59,0x34,0xea},
    },
    {
        {0xff,0xf2,0x90,0xac,0x85,0x44,0xa0,0xe6,0x60,0xc1,0xd4,0xe7,0x0d,0xbf,0xe5,0x54,0xea,0x16,0x7a,0xf5,0xd4,0xfb,0xa7,0x6b,0x22,0x88,0x89,0xae,0x5d,0xc5,0xe8,0xad,0xe5,0x76,0xd0,0x3e,0x45,0xbc,0x71,0xcb,0x27,0xe4,0x6d,0x82,0x95,0xb7,0x2e,0x53,0x2f,0xc3,0x65,0x06,0x66,0xd6,0xfa,0xd7,0x4b,0xc5,0x1b,0x4b,0x95,0x81,0x0b,0x1a,0x12,0xf1,0x46,0xd2,0xe5,0x74,0xe0,0x26,0x1b,0x6b,0x80,0x94,0x19,0x52,0x64,0xe6,0x0f,0xf8,0x43,0x7c,0x98,0x02,0x52,0x20,0xd6,0xac,0x0a,0x53,0x59,0x38,0xbd},
        {0xff,0xf2,0x90,0xac,0x85,0x44,0xa0,0xe6,0x60,0xc1,0xd4,0xe7,0x0d,0xbf,0xe5,0x54,0xea,0x16,0x7a,0xf5,0xd4,0xfb,0xa7,0x6b,0x22,0x88,0x89,0xae,0x5d,0xc5,0xe8,0xad,0xe5,0x76,0xd0,0x3e,0x45,0xbc,0x71,0xcb,0x27,0xe4,0x6d,0x82,0x95,0xb7,0x2e,0x53,0x2f,0xc3,0x65,0x06,0x66,0xd6,0xfa,0xd7,0x4b,0xc5,0x1b,0x4b,0x95,0x81,0x0b,0x1a,0x12,0xf1,0x46,0xd2,0xe5,0x74,0xe0,0x26,0x1b,0x6b,0x80,0x94,0x19,0x52,0x64,0xe6,0x0f,0xf8,0x43,0x7c,0x98,0x02,0x52,0x20,0xd6,0xac,0x0a,0x53,0x59,0x38,0xbd},
    },
    {
        {0xff,0xf2,0x90,0xae,0x6c,0x2d,0x65,0xed,0xf8,0xbe,0x68,0x7a,0xe4,0x06,0x03,0x70,0x93,0x0a,0xdc,0xd2,0xd2,0x9d,0xff,0x0b,0xa4,0xe5,0xae,0xda,0x67,0x7c,0xb5,0xcd,0xde,0x2b,0xa6,0xb7,0x20,0x4d,0x1c,0x05,0x20,0x48,0xdd,0x81,0x9a,0x7d,0xf5,0x32,0x45,0xe5,0xb3,0x45,0xf4,0x2b,0xb5,0x23,0x02,0x0e,0xad,0x68,0x56,0x6a,0x46,0xe5,0xfd,0x0f,0xd0,0xac,0xd4,0x8d,0x75,0x73,0x86,0xf2,0xdf,0x40,0x50,0x8c,0x1f,0xbb,0x22,0xa1,0x5b,0xcb,0xed,0xec,0xd2,0x20,0xad,0xad,0xa3,0x13,0x59,0x3e,0xed},
        {0xff,0xf2,0x90,0xae,0x6c,0x2d,0x65,0xed,0xf8,0xbe,0x68,0x7a,0xe4,0x06,0x03,0x70,0x93,0x0a,0xdc,0xd2,0xd2,0x9d,0xff,0x0b,0xa4,0xe5,0xae,0xda,0x67,0x7c,0xb5,0xcd,0xde,0x2b,0xa6,0xb7,0x20,0x4d,0x1c,0x05,0x20,0x48,0xdd,0x81,0x9a,0x7d,0xf5,0x32,0x45,0xe5,0xb3,0x45,0xf4,0x2b,0xb5,0x23,0x02,0x0e,0xad,0x68,0x56,0x6a,0x46,0xe5,0xfd,0x0f,0xd0,0xac,0xd4,0x8d,0x75,0x73,0x86,0xf2,0xdf,0x40,0x50,0x8c,0x1f,0xbb,0x22,0xa1,0x5b,0xcb,0xed,0xec,0xd2,0x20,0xad,0xad,0xa3,0x13,0x59,0x3e,0xed},
    },
    {
        {0xff,0xf2,0x90,0xc8,0x9c,0x17,0x62,0x40,0x6a,0x45,0xd3,0x88,0xb5,0x6b,0x34,0xd6,0xfc,0x34,0xcc,0x3b,0x21,0x74,0xb4,0x2e,0x32,0xa4,0xc4,0x44,0x90,0x61,0x35,0xad,0x11,0xe2,0x43,0xef,0xf9,0x8a,0xc2,0xf0,0x1d,0x8a,0x6b,0xa3,0x4f,0x24,0xbe,0x69,0x4b,0x79,0x7d,0x17,0x75,0x99,0xde,0x8f,0xbc,0xb3,0xf0,0xc8,0xde,0x7f,0xc5,0x94,0x27,0xcf,0x93,0xfe,0x2c,0xd3,0x26,0xb7,0x3d,0x6a,0xd6,0xff,0x3f,0x47,0xd3,0x99,0x1b,0xfb,0x19,0xc5,0x9a,0xbd,0x52,0x20,0xb7,0xf8,0x85,0x13,0x59,0x3c,0xee},
        {0xff,0xf2,0x90,0xc8,0x9c,0x17,0x62,0x40,0x6a,0x45,0xd3,0x88,0xb5,0x6b,0x34,0xd6,0xfc,0x34,0xcc,0x3b,0x21,0x74,0xb4,0x2e,0x32,0xa4,0xc4,0x44,0x90,0x61,0x35,0xad,0x11,0xe2,0x43,0xef,0xf9,0x8a,0xc2,0xf0,0x1d,0x8a,0x6b,0xa3,0x4f,0x24,0xbe,0x69,0x4b,0x79,0x7d,0x17,0x75,0x99,0xde,0x8f,0xbc,0xb3,0xf0,0xc8,0xde,0x7f,0xc5,0x94,0x27,0xcf,0x93,0xfe,0x2c,0xd3,0x26,0xb7,0x3d,0x6a,0xd6,0xff,0x3f,0x47,0xd3,0x99,0x1b,0xfb,0x19,0xc5,0x9a,0xbd,0x52,0x20,0xb7,0xf8,0x85,0x13,0x59,0x3c,0xee},
    },
    {
        {0xff,0xed,0x21,0x94,0x89,0x33,0x51,0x52,0xc6,0x84,0xfe,0x89,0xb4,0x61,0x60,0x8f,0x81,0x68,0x18,0xb8,0x9d,0x9b,0x04,0x8d,0x9e,0x8b,0x33,0x8b,0xd6,0x91,0x3b,0x1d,0x88,0xff,0x76,0xe2,0xee,0xb1,0xa6,0x09,0xc4,0x13,0xe7,0x55,0x4a,0xc5,0x87,0x0b,0x55,0x12,0xb8,0x55,0x11,0xcd,0xef,0x40,0x0a,0xd6,0x63,0x85,0xc7,0xee,0xc8,0xfd,0x42,0x95,0x32,0x38,0xe1,0xa1,0x0c,0x0c,0xa0,0x41,0x17,0x82,0x52,0x0a,0x11,0xfa,0xc0,0xa5,0x9b,0xe6,0x1b,0x23,0x52,0x20,0xac,0x14,0x95,0x13,0x59,0x32,0xec},
        {0xff,0xed,0x21,0x94,0x89,0x33,0x51,0x52,0xc6,0x84,0xfe,0x89,0xb4,0x61,0x60,0x8f,0x81,0x68,0x18,0xb8,0x9d,0x9b,0x04,0x8d,0x9e,0x8b,0x33,0x8b,0xd6,0x91,0x3b,0x1d,0x88,0xff,0x76,0xe2,0xee,0xb1,0xa6,0x09,0xc4,0x13,0xe7,0x55,0x4a,0xc5,0x87,0x0b,0x55,0x12,0xb8,0x55,0x11,0xcd,0xef,0x40,0x0a,0xd6,0x63,0x85,0xc7,0xee,0xc8,0xfd,0x42,0x95,0x32,0x38,0xe1,0xa1,0x0c,0x0c,0xa0,0x41,0x17,0x82,0x52,0x0a,0x11,0xfa,0xc0,0xa5,0x9b,0xe6,0x1b,0x23,0x52,0x20,0xac,0x14,0x95,0x13,0x59,0x32,0xec},
    },
    {
        {0xff,0xf3,0x3e,0x18,0x5a,0x2d,0x0b,0x5f,0x0a,0x23,0xc4,0xf9,0xa4,0x04,0x4c,0x0b,0x44,0x9c,0xf1,0xa2,0xbc,0x29,0xeb,0xad,0x3c,0x9a,0x7e,0xd3,0x42,0x73,0x3c,0x71,0x2a,0x6d,0x9a,0x85,0xc9,0xbd,0x3a,0x4e,0x70,0xb0,0x61,0x1f,0x13,0x85,0xd0,0xb9,0xdf,0x0f,0x37,0xa0,0xaf,0x95,0x4f,0x59,0x39,0x01,0x2e,0x14,0x0e,0x95,0x0f,0x90,0x5f,0x5d,0x31,0x01,0x2e,0x14,0x65,0x7b,0xdc,0x24,0x53,0x58,0xab,0x77,0x45,0xe9,0x72,0xff,0xd7,0xde,0x72,0x77,0x52,0x21,0xcf,0xe2,0x35,0x13,0x59,0x34,0xef},
        {0xff,0xf3,0x3e,0x18,0x5a,0x2d,0x0b,0x5f,0x0a,0x23,0xc4,0xf9,0xa4,0x04,0x4c,0x0b,0x44,0x9c,0xf1,0xa2,0xbc,0x29,0xeb,0xad,0x3c,0x9a,0x7e,0xd3,0x42,0x73,0x3c,0x71,0x2a,0x6d,0x9a,0x85,0xc9,0xbd,0x3a,0x4e,0x70,0xb0,0x61,0x1f,0x13,0x85,0xd0,0xb9,0xdf,0x0f,0x37,0xa0,0xaf,0x95,0x4f,0x59,0x39,0x01,0x2e,0x14,0x0e,0x95,0x0f,0x90,0x5f,0x5d,0x31,0x01,0x2e,0x14,0x65,0x7b,0xdc,0x24,0x53,0x58,0xab,0x77,0x45,0xe9,0x72,0xff,0xd7,0xde,0x72,0x77,0x52,0x21,0xcf,0xe2,0x35,0x13,0x59,0x34,0xef},
    },
    {
        {0xff,0xf2,0x90,0xae,0x6c,0x2d,0x03,0x4c,0x11,0x0c,0xfe,0xe8,0xb9,0xda,0x49,0xbe,0x7e,0x3b,0x60,0x24,0x00,0xde,0x9d,0x76,0x91,0x42,0x97,0xf3,0x84,0xd5,0x8d,0xfc,0x24,0xa6,0x4e,0x55,0xfc,0x47,0x26,0xd7,0xa0,0xa9,0x8b,0x60,0x5b,0x57,0x29,0xc4,0x81,0xdb,0x08,0xa4,0xe9,0x2d,0x3f,0x9b,0x4a,0x45,0x68,0x79,0xa3,0xfb,0x4a,0x45,0x6d,0x52,0xf2,0x7b,0x4a,0x45,0x6c,0x01,0x6f,0x8a,0x24,0xaf,0xdf,0x00,0x7a,0x05,0x1f,0xa6,0x00,0x5b,0x09,0x15,0xd2,0x20,0xad,0xad,0xa3,0x13,0x59,0x40,0xef},
        {0xff,0xf2,0x90,0xae,0x6c,0x2d,0x03,0x4c,0x11,0x0c,0xfe,0xe8,0xb9,0xda,0x49,0xbe,0x7e,0x3b,0x60,0x24,0x00,0xde,0x9d,0x76,0x91,0x42,0x97,0xf3,0x84,0xd5,0x8d,0xfc,0x24,0xa6,0x4e,0x55,0xfc,0x47,0x26,0xd7,0xa0,0xa9,0x8b,0x60,0x5b,0x57,0x29,0xc4,0x81,0xdb,0x08,0xa4,0xe9,0x2d,0x3f,0x9b,0x4a,0x45,0x68,0x79,0xa3,0xfb,0x4a,0x45,0x6d,0x52,0xf2,0x7b,0x4a,0x45,0x6c,0x01,0x6f,0x8a,0x24,0xaf,0xdf,0x00,0x7a,0x05,0x1f,0xa6,0x00,0x5b,0x09,0x15,0xd2,0x20,0xad,0xad,0xa3,0x13,0x59,0x40,0xef},
    },
    {
        {0xff,0xf2,0x90,0xae,0x6c,0x31,0x53,0x53,0xbe,0x79,0xee,0xf5,0x76,0x88,0xe1,0xec,0x7e,0xda,0x30,0x4b,0x16,0x4b,0xaf,0x00,0x03,0x7e,0x36,0xca,0xdc,0xcd,0xb1,0x88,0xc1,0x03,0x20,0xf5,0x74,0xaf,0x93,0xc1,0xcc,0x91,0x51,0xd4,0x58,0x12,0x99,0xc6,0x4a,0x9f,0x06,0x5e,0x6a,0xfb,0x08,0xbe,0x7b,0x4e,0x16,0xe0,0xae,0xe7,0xe1,0x83,0xdd,0x24,0xa7,0x79,0x30,0x7b,0xab,0x3d,0x9c,0x27,0x00,0x0e,0x20,0xfb,0x85,0xaf,0x20,0x24,0x7a,0xfc,0x62,0xa9,0xd2,0x20,0xad,0xad,0xa3,0x13,0x59,0x40,0xeb},
        {0xff,0xf2,0x90,0xae,0x6c,0x31,0x53,0x53,0xbe,0x79,0xee,0xf5,0x76,0x88,0xe1,0xec,0x7e,0xda,0x30,0x4b,0x16,0x4b,0xaf,0x00,0x03,0x7e,0x36,0xca,0xdc,0xcd,0xb1,0x88,0xc1,0x03,0x20,0xf5,0x74,0xaf,0x93,0xc1,0xcc,0x91,0x51,0xd4,0x58,0x12,0x99,0xc6,0x4a,0x9f,0x06,0x5e,0x6a,0xfb,0x08,0xbe,0x7b,0x4e,0x16,0xe0,0xae,0xe7,0xe1,0x83,0xdd,0x24,0xa7,0x79,0x30,0x7b,0xab,0x3d,0x9c,0x27,0x00,0x0e,0x20,0xfb,0x85,0xaf,0x20,0x24,0x7a,0xfc,0x62,0xa9,0xd2,0x20,0xad,0xad,0xa3,0x13,0x59,0x40,0xeb},
    },
    {
        {0xff,0xef,0xc9,0x50,0x7d,0xb4,0x41,0x74,0x8e,0xd4,0x3b,0x6c,0xfe,0x32,0x5a,0x83,0x14,0xf1,0x11,0x27,0x93,0x6d,0x82,0x86,0x65,0x44,0xb8,0x0b,0xa9,0x00,0xf8,0x7e,0x9c,0x47,0x01,0x79,0x25,0x35,0xed,0x7b,0xf4,0x56,0xae,0x30,0x3f,0x8c,0xfa,0xe0,0xce,0xc8,0xcb,0x43,0xd6,0xde,0x93,0xd8,0x0b,0x2e,0xc3,0xfb,0xd2,0x7b,0x11,0x1d,0x8a,0xbf,0x7a,0x4f,0x62,0x17,0x26,0xc5,0x99,0x3d,0x15,0xdd,0x3e,0xe4,0x73,0x8d,0x42,0x19,0x61,0xf4,0x82,0x38,0xd2,0x20,0xb6,0x36,0x4d,0x13,0x59,0x3c,0xe0},
        {0xff,0xef,0xc9,0x50,0x7d,0xb4,0x41,0x74,0x8e,0xd4,0x3b,0x6c,0xfe,0x32,0x5a,0x83,0x14,0xf1,0x11,0x27,0x93,0x6d,0x82,0x86,0x65,0x44,0xb8,0x0b,0xa9,0x00,0xf8,0x7e,0x9c,0x47,0x01,0x79,0x25,0x35,0xed,0x7b,0xf4,0x56,0xae,0x30,0x3f,0x8c,0xfa,0xe0,0xce,0xc8,0xcb,0x43,0xd6,0xde,0x93,0xd8,0x0b,0x2e,0xc3,0xfb,0xd2,0x7b,0x11,0x1d,0x8a,0xbf,0x7a,0x4f,0x62,0x17,0x26,0xc5,0x99,0x3d,0x15,0xdd,0x3e,0xe4,0x73,0x8d,0x42,0x19,0x61,0xf4,0x82,0x38,0xd2,0x20,0xb6,0x36,0x4d,0x13,0x59,0x3c,0xe0},
    },
    {
        {0xff,0xf2,0x90,0x66,0xd5,0xa1,0x13,0xbc,0xe3,0x0d,0x81,0x15,0x0c,0xb4,0xa6,0xec,0x40,0x98,0xe9,0xf0,0x77,0x40,0x22,0x0c,0x36,0x7e,0x38,0x80,0x5a,0x47,0x81,0xc5,0x3c,0xc7,0x8f,0x92,0x13,0xf9,0x80,0x32,0x50,0x87,0xf1,0xa7,0xcd,0x02,0x77,0xda,0x09,0xc7,0x33,0x1f,0x51,0xb5,0x89,0x43,0xd6,0x83,0x21,0xce,0xfb,0x8e,0x34,0x62,0x50,0xf5,0x20,0xc8,0x73,0xbb,0x1a,0x40,0x82,0x6b,0xd1,0x0e,0x9a,0x3a,0x3c,0x7c,0x8c,0xb1,0x2a,0x3a,0x01,0x7c,0x52,0x21,0xd5,0xb8,0x11,0x72,0x59,0x34,0xe1},
        {0xff,0xf2,0x90,0x66,0xd5,0xa1,0x13,0xbc,0xe3,0x0d,0x81,0x15,0x0c,0xb4,0xa6,0xec,0x40,0x98,0xe9,0xf0,0x77,0x40,0x22,0x0c,0x36,0x7e,0x38,0x80,0x5a,0x47,0x81,0xc5,0x3c,0xc7,0x8f,0x92,0x13,0xf9,0x80,0x32,0x50,0x87,0xf1,0xa7,0xcd,0x02,0x77,0xda,0x09,0xc7,0x33,0x1f,0x51,0xb5,0x89,0x43,0xd6,0x83,0x21,0xce,0xfb,0x8e,0x34,0x62,0x50,0xf5,0x20,0xc8,0x73,0xbb,0x1a,0x40,0x82,0x6b,0xd1,0x0e,0x9a,0x3a,0x3c,0x7c,0x8c,0xb1,0x2a,0x3a,0x01,0x7c,0x52,0x21,0xd5,0xb8,0x11,0x72,0x59,0x34,0xe1},
    },
    {
        {0xff,0xf2,0x90,0xae,0x6c,0x31,0x53,0x55,0xac,0x20,0xc8,0xac,0xf7,0x28,0xbf,0x35,0xd8,0xdc,0x4b,0x5f,0x88,0xe4,0x90,0xd8,0x58,0x9b,0xc6,0xa4,0xf7,0xfb,0xc7,0xbf,0x41,0x8f,0xae,0xa1,0x41,0x3c,0x9b,0xf2,0xf4,0xa3,0x95,0xa8,0xe1,0x15,0xef,0x8a,0xda,0x1c,0x55,0x9b,0x15,0xfd,0xcb,0xc6,0x2a,0xeb,0x07,0x15,0xed,0xcb,0xc3,0x04,0xc6,0x53,0x15,0xed,0xcb,0xc2,0xda,0x1e,0x30,0x44,0x33,0x56,0xa7,0x38,0x0c,0x6f,0x7c,0xbd,0x99,0x4a,0xfb,0xc2,0x52,0x20,0xcc,0x0f,0x4a,0x53,0x59,0x3a,0xd7},
        {0xff,0xf2,0x90,0xae,0x6c,0x31,0x53,0x55,0xac,0x20,0xc8,0xac,0xf7,0x28,0xbf,0x35,0xd8,0xdc,0x4b,0x5f,0x88,0xe4,0x90,0xd8,0x58,0x9b,0xc6,0xa4,0xf7,0xfb,0xc7,0xbf,0x41,0x8f,0xae,0xa1,0x41,0x3c,0x9b,0xf2,0xf4,0xa3,0x95,0xa8,0xe1,0x15,0xef,0x8a,0xda,0x1c,0x55,0x9b,0x15,0xfd,0xcb,0xc6,0x2a,0xeb,0x07,0x15,0xed,0xcb,0xc3,0x04,0xc6,0x53,0x15,0xed,0xcb,0xc2,0xda,0x1e,0x30,0x44,0x33,0x56,0xa7,0x38,0x0c,0x6f,0x7c,0xbd,0x99,0x4a,0xfb,0xc2,0x52,0x20,0xcc,0x0f,0x4a,0x53,0x59,0x3a,0xd7},
    },
    {
        {0xff,0xf2,0x90,0xae,0x6c,0x2e,0x91,0x1a,0xad,0x5a,0x7b,0x01,0x1d,0xfe,0xbe,0xed,0x33,0x72,0x3a,0x16,0x49,0xab,0xc8,0x2a,0xa0,0x3d,0x19,0xcd,0x61,0xdf,0x02,0x02,0x5a,0xed,0x63,0x57,0x72,0x1b,0xcb,0x4d,0xe7,0x01,0x67,0x1e,0xb1,0x0a,0xd1,0x3f,0xcd,0xc4,0x5a,0x02,0x02,0x95,0x09,0x56,0xa4,0x41,0xdd,0xe1,0x97,0xab,0x56,0x00,0xd8,0x88,0x7d,0x55,0xab,0x00,0x68,0x81,0x69,0x5f,0x70,0x86,0xee,0xe2,0xe9,0x49,0xc1,0xe2,0xc3,0xa4,0x89,0x60,0xd2,0x20,0xad,0xad,0xa3,0x13,0x59,0x40,0xee},
        {0xff,0xf2,0x90,0xae,0x6c,0x2e,0x91,0x1a,0xad,0x5a,0x7b,0x01,0x1d,0xfe,0xbe,0xed,0x33,0x72,0x3a,0x16,0x49,0xab,0xc8,0x2a,0xa0,0x3d,0x19,0xcd,0x61,0xdf,0x02,0x02,0x5a,0xed,0x63,0x57,0x72,0x1b,0xcb,0x4d,0xe7,0x01,0x67,0x1e,0xb1,0x0a,0xd1,0x3f,0xcd,0xc4,0x5a,0x02,0x02,0x95,0x09,0x56,0xa4,0x41,0xdd,0xe1,0x97,0xab,0x56,0x00,0xd8,0x88,0x7d,0x55,0xab,0x00,0x68,0x81,0x69,0x5f,0x70,0x86,0xee,0xe2,0xe9,0x49,0xc1,0xe2,0xc3,0xa4,0x89,0x60,0xd2,0x20,0xad,0xad,0xa3,0x13,0x59,0x40,0xee},
    },
    {
        {0xff,0xf2,0x90,0xc8,0x9c,0x18,0x3f,0xd2,0x09,0x46,0x94,0x44,0xfe,0xc8,0x2e,0xaa,0x2d,0x70,0x2d,0x4d,0xa0,0xbe,0x97,0x11,0x99,0x2a,0xd3,0x04,0x9a,0x44,0x3b,0x8c,0x28,0xb7,0x57,0x74,0xfc,0x95,0xd2,0xcb,0xc4,0x80,0x61,0xb4,0xe7,0x96,0x0f,0xde,0x99,0x1c,0x55,0xce,0xba,0x28,0xb5,0xfc,0x5f,0x8d,0xb5,0x81,0x65,0xa7,0xb0,0x8e,0x23,0xac,0x0b,0x2d,0x3e,0x83,0x0f,0x86,0x71,0x42,0x15,0x86,0x44,0x98,0xde,0x9b,0x81,0x8f,0x78,0x58,0xeb,0x6f,0xd2,0x20,0xcf,0x9e,0xaa,0x53,0x59,0x3a,0xec},
        {0xff,0xf2,0x90,0xc8,0x9c,0x18,0x3f,0xd2,0x09,0x46,0x94,0x44,0xfe,0xc8,0x2e,0xaa,0x2d,0x70,0x2d,0x4d,0xa0,0xbe,0x97,0x11,0x99,0x2a,0xd3,0x04,0x9a,0x44,0x3b,0x8c,0x28,0xb7,0x57,0x74,0xfc,0x95,0xd2,0xcb,0xc4,0x80,0x61,0xb4,0xe7,0x96,0x0f,0xde,0x99,0x1c,0x55,0xce,0xba,0x28,0xb5,0xfc,0x5f,0x8d,0xb5,0x81,0x65,0xa7,0xb0,0x8e,0x23,0xac,0x0b,0x2d,0x3e,0x83,0x0f,0x86,0x71,0x42,0x15,0x86,0x44,0x98,0xde,0x9b,0x81,0x8f,0x78,0x58,0xeb,0x6f,0xd2,0x20,0xcf,0x9e,0xaa,0x53,0x59,0x3a,0xec},
    },
    {
        {0xff,0xf2,0x22,0xea,0xbf,0x72,0xeb,0xdc,0xd7,0x41,0x11,0xd2,0xf6,0xa5,0x76,0xb8,0x11,0x2b,0xb2,0xfd,0x3c,0x80,0x84,0x8c,0x6c,0x90,0x09,0xf2,0x4a,0xec,0x80,0xd5,0x5b,0x39,0x23,0x81,0x10,0x07,0x90,0xb1,0xe6,0x70,0xdc,0x02,0xa9,0xd5,0xfc,0xf2,0x84,0xee,0x16,0x64,0xf1,0x39,0x17,0x4b,0x7f,0xa6,0x41,0xbe,0x58,0xab,0xf1,0x6e,0x68,0xaa,0x5b,0xfd,0x17,0xcf,0xc0,0x72,0x9d,0x63,0x6d,0xeb,0xd2,0x30,0x09,0x94,0x16,0x47,0x48,0xf2,0xee,0x5f,0xd2,0x23,0x01,0xaa,0xa7,0x72,0x59,0x30,0xec},
        {0xff,0xf2,0x22,0xea,0xbf,0x72,0xeb,0xdc,0xd7,0x41,0x11,0xd2,0xf6,0xa5,0x76,0xb8,0x11,0x2b,0xb2,0xfd,0x3c,0x80,0x84,0x8c,0x6c,0x90,0x09,0xf2,0x4a,0xec,0x80,0xd5,0x5b,0x39,0x23,0x81,0x10,0x07,0x90,0xb1,0xe6,0x70,0xdc,0x02,0xa9,0xd5,0xfc,0xf2,0x84,0xee,0x16,0x64,0xf1,0x39,0x17,0x4b,0x7f,0xa6,0x41,0xbe,0x58,0xab,0xf1,0x6e,0x68,0xaa,0x5b,0xfd,0x17,0xcf,0xc0,0x72,0x9d,0x63,0x6d,0xeb,0xd2,0x30,0x09,0x94,0x16,0x47,0x48,0xf2,0xee,0x5f,0xd2,0x23,0x01,0xaa,0xa7,0x72,0x59,0x30,0xec},
    },
    {
        {0xff,0xf2,0x90,0xac,0x85,0x41,0x73,0x49,0xed,0x83,0xeb,0x94,0xcf,0x6a,0x82,0x7d,0xdb,0x29,0xdf,0x00,0x9c,0x0f,0x69,0x83,0x40,0xa6,0xdc,0x2e,0x8e,0xd3,0xba,0xb9,0xc8,0x64,0xb9,0xf6,0x05,0x38,0xa6,0xa5,0x5d,0x73,0xdb,0x40,0xca,0xbe,0xd0,0x77,0x0c,0xf9,0x92,0x29,0x76,0x5d,0x08,0x6d,0x93,0xfd,0xa3,0x2e,0xeb,0xa1,0x0a,0xce,0x4e,0x5c,0x65,0xdd,0x74,0x21,0xca,0x79,0x20,0x9b,0xe1,0xa2,0xae,0x8a,0x86,0xf5,0x1e,0xba,0x03,0xf6,0x0d,0x44,0x52,0x20,0xd6,0xac,0x0a,0x53,0x59,0x3a,0xca},
        {0xff,0xf2,0x90,0xac,0x85,0x41,0x73,0x49,0xed,0x83,0xeb,0x94,0xcf,0x6a,0x82,0x7d,0xdb,0x29,0xdf,0x00,0x9c,0x0f,0x69,0x83,0x40,0xa6,0xdc,0x2e,0x8e,0xd3,0xba,0xb9,0xc8,0x64,0xb9,0xf6,0x05,0x38,0xa6,0xa5,0x5d,0x73,0xdb,0x40,0xca,0xbe,0xd0,0x77,0x0c,0xf9,0x92,0x29,0x76,0x5d,0x08,0x6d,0x93,0xfd,0xa3,0x2e,0xeb,0xa1,0x0a,0xce,0x4e,0x5c,0x65,0xdd,0x74,0x21,0xca,0x79,0x20,0x9b,0xe1,0xa2,0xae,0x8a,0x86,0xf5,0x1e,0xba,0x03,0xf6,0x0d,0x44,0x52,0x20,0xd6,0xac,0x0a,0x53,0x59,0x3a,0xca},
    },
    {
        {0xff,0xf2,0x90,0xae,0x6c,0x2d,0x65,0xed,0xf8,0xbe,0x19,0xd8,0xe4,0x45,0x73,0xfb,0xfd,0xc0,0x7b,0xe4,0xb9,0xcb,0x42,0x84,0xe4,0x50,0xfc,0xd1,0x1f,0x7d,0x8b,0x2b,0x0f,0xb4,0xc4,0x89,0x7f,0xcf,0x31,0xad,0xfe,0x4a,0xc9,0xa5,0x0c,0x19,0x24,0x76,0xe9,0xe8,0x39,0xdc,0x43,0x8d,0xbb,0xe9,0x05,0x37,0xc4,0x62,0x27,0x7d,0x22,0xa6,0x94,0x5c,0x36,0xef,0xa4,0x54,0xd7,0x4e,0x81,0xf8,0x87,0xde,0xd8,0x82,0x1d,0xe8,0x24,0xb6,0x5b,0x26,0xec,0x29,0x52,0x20,0xad,0xad,0xa3,0x13,0x59,0x40,0xee},
        {0xff,0xf2,0x90,0xae,0x6c,0x2d,0x65,0xed,0xf8,0xbe,0x19,0xd8,0xe4,0x45,0x73,0xfb,0xfd,0xc0,0x7b,0xe4,0xb9,0xcb,0x42,0x84,0xe4,0x50,0xfc,0xd1,0x1f,0x7d,0x8b,0x2b,0x0f,0xb4,0xc4,0x89,0x7f,0xcf,0x31,0xad,0xfe,0x4a,0xc9,0xa5,0x0c,0x19,0x24,0x76,0xe9,0xe8,0x39,0xdc,0x43,0x8d,0xbb,0xe9,0x05,0x37,0xc4,0x62,0x27,0x7d,0x22,0xa6,0x94,0x5c,0x36,0xef,0xa4,0x54,0xd7,0x4e,0x81,0xf8,0x87,0xde,0xd8,0x82,0x1d,0xe8,0x24,0xb6,0x5b,0x26,0xec,0x29,0x52,0x20,0xad,0xad,0xa3,0x13,0x59,0x40,0xee},
    },
    {
        {0xff,0xf2,0xc0,0x2a,0x34,0x7f,0xa0,0xdb,0x2d,0x4a,0x9f,0x2e,0x1a,0x1b,0x83,0xd6,0xbf,0xd2,0xa4,0xef,0x73,0x97,0x6b,0x76,0x10,0xc1,0x0e,0x76,0x0a,0xbd,0x9a,0x8e,0xb6,0xc0,0x77,0xe2,0x04,0xe2,0xaf,0x4f,0xee,0xe6,0xf3,0x98,0x6d,0x9a,0x8f,0xf5,0xa6,0x0c,0xe6,0x8c,0xb0,0x18,0xfa,0x7d,0x4c,0x19,0xcd,0x19,0xf3,0x2a,0x04,0x8e,0x98,0x33,0x9a,0x33,0xe5,0x24,0x69,0xe6,0x36,0x8d,0xf2,0x59,0xc7,0xe6,0xd0,0x14,0xb2,0xea,0x9b,0x76,0x97,0x22,0xd2,0x20,0xcf,0x9e,0xaa,0x53,0x59,0x3a,0xd8},
        {0xff,0xf2,0xc0,0x2a,0x34,0x7f,0xa0,0xdb,0x2d,0x4a,0x9f,0x2e,0x1a,0x1b,0x83,0xd6,0xbf,0xd2,0xa4,0xef,0x73,0x97,0x6b,0x76,0x10,0xc1,0x0e,0x76,0x0a,0xbd,0x9a,0x8e,0xb6,0xc0,0x77,0xe2,0x04,0xe2,0xaf,0x4f,0xee,0xe6,0xf3,0x98,0x6d,0x9a,0x8f,0xf5,0xa6,0x0c,0xe6,0x8c,0xb0,0x18,0xfa,0x7d,0x4c,0x19,0xcd,0x19,0xf3,0x2a,0x04,0x8e,0x98,0x33,0x9a,0x33,0xe5,0x24,0x69,0xe6,0x36,0x8d,0xf2,0x59,0xc7,0xe6,0xd0,0x14,0xb2,0xea,0x9b,0x76,0x97,0x22,0xd2,0x20,0xcf,0x9e,0xaa,0x53,0x59,0x3a,0xd8},
    },
    {
        {0xff,0xc9,0x60,0x3b,0x85,0x63,0xca,0xc0,0x97,0xcd,0xbb,0x19,0xf7,0x94,0x6d,0x81,0x12,0x49,0x9c,0xd6,0x5b,0x80,0xf3,0xd7,0x76,0xd1,0xfc,0x09,0x5d,0xcf,0xe0,0x88,0x00,0x04,0x6a,0xc4,0x99,0xcc,0x22,0xec,0x93,0x25,0x2b,0x49,0xc8,0x4d,0x7a,0xe0,0xff,0x92,0x19,0x0c,0xb8,0x60,0xfd,0xc4,0xa0,0xe3,0x9f,0x2c,0xd0,0xc8,0x65,0x55,0x55,0x54,0xa5,0x4b,0x2d,0x40,0xcb,0x00,0x75,0x0e,0xeb,0x08,0x06,0xf8,0x8b,0x6f,0x6b,0xc8,0x97,0x80,0xbf,0xfe,0xd2,0x20,0x9c,0xb5,0x39,0x33,0x59,0x40,0xe3},
        {0xff,0xc9,0x60,0x3b,0x85,0x63,0xca,0xc0,0x97,0xcd,0xbb,0x19,0xf7,0x94,0x6d,0x81,0x12,0x49,0x9c,0xd6,0x5b,0x80,0xf3,0xd7,0x76,0xd1,0xfc,0x09,0x5d,0xcf,0xe0,0x88,0x00,0x04,0x6a,0xc4,0x99,0xcc,0x22,0xec,0x93,0x25,0x2b,0x49,0xc8,0x4d,0x7a,0xe0,0xff,0x92,0x19,0x0c,0xb8,0x60,0xfd,0xc4,0xa0,0xe3,0x9f,0x2c,0xd0,0xc8,0x65,0x55,0x55,0x54,0xa5,0x4b,0x2d,0x40,0xcb,0x00,0x75,0x0e,0xeb,0x08,0x06,0xf8,0x8b,0x6f,0x6b,0xc8,0x97,0x80,0xbf,0xfe,0xd2,0x20,0x9c,0xb5,0x39,0x33,0x59,0x40,0xe3},
    },
    {
        {0x08,0x2d,0xe5,0x4b,0x65,0x76,0x03,0x77,0x9f,0xb9,0xf9,0x3c,0x8b,0xad,0x9a,0xb0,0x4e,0x21,0xb6,0xc0,0x6b,0xfe,0xec,0xb5,0xba,0x74,0x96,0x13,0x55,0x06,0x48,0x05,0x17,0xe9,0xf8,0x3b,0xd8,0xf8,0x15,0x8e,0x79,0x13,0x6d,0x93,0x32,0xea,0x3f,0xdc,0x29,0x24,0xa1,0x4b,0xc4,0x6e,0xfa,0x6b,0x55,0xaa,0x56,0x94,0x92,0x51,0x29,0x1c,0xf7,0x00,0xd3,0x8a,0xd5,0x2b,0x4a,0x49,0x28,0x94,0xaa,0xaa,0xab,0x17,0x5b,0x67,0x86,0x95,0x34,0x44,0x25,0x14,0xf2,0x20,0x03,0x4b,0x1c,0x03,0x5f,0x34,0xef},
        {0x08,0x2d,0xe5,0x4b,0x65,0x76,0x03,0x77,0x9f,0xb9,0xf9,0x3c,0x8b,0xad,0x9a,0xb0,0x4e,0x21,0xb6,0xc0,0x6b,0xfe,0xec,0xb5,0xba,0x74,0x96,0x13,0x55,0x06,0x48,0x05,0x17,0xe9,0xf8,0x3b,0xd8,0xf8,0x15,0x8e,0x79,0x13,0x6d,0x93,0x32,0xea,0x3f,0xdc,0x29,0x24,0xa1,0x4b,0xc4,0x6e,0xfa,0x6b,0x55,0xaa,0x56,0x94,0x92,0x51,0x29,0x1c,0xf7,0x00,0xd3,0x8a,0xd5,0x2b,0x4a,0x49,0x28,0x94,0xaa,0xaa,0xab,0x17,0x5b,0x67,0x86,0x95,0x34,0x44,0x25,0x14,0xf2,0x20,0x03,0x4b,0x1c,0x03,0x5f,0x34,0xef},
    },
    {
        {0x00,0x00,0x00,0x00,0x00,0x00,0x00,0x00,0x00,0x00,0x00,0x00,0x00,0x00,0x00,0x00,0x00,0x00,0x00,0x00,0x00,0x00,0x00,0x00,0x00,0x00,0x00,0x00,0x00,0x00,0x00,0x00,0x00,0x00,0x00,0x00,0x00,0x00,0x00,0x00,0x00,0x00,0x00,0x00,0x00,0x00,0x00,0x00,0x00,0x00,0x00,0x00,0x00,0x00,0x00,0x00,0x00,0x00,0x00,0x00,0x00,0x00,0x00,0x00,0x00,0x00,0x00,0x00,0x00,0x00,0x00,0x00,0x00,0x00,0x00,0x00,0x00,0x00,0x00,0x00,0x00,0x00,0x00,0x00,0x00,0x00,0x72,0x10,0x12,0x7c,0xa5,0x06,0x88,0x00,0x00},
        {0x00,0x00,0x00,0x00,0x00,0x00,0x00,0x00,0x00,0x00,0x00,0x00,0x00,0x00,0x00,0x00,0x00,0x00,0x00,0x00,0x00,0x00,0x00,0x00,0x00,0x00,0x00,0x00,0x00,0x00,0x00,0x00,0x00,0x00,0x00,0x00,0x00,0x00,0x00,0x00,0x00,0x00,0x00,0x00,0x00,0x00,0x00,0x00,0x00,0x00,0x00,0x00,0x00,0x00,0x00,0x00,0x00,0x00,0x00,0x00,0x00,0x00,0x00,0x00,0x00,0x00,0x00,0x00,0x00,0x00,0x00,0x00,0x00,0x00,0x00,0x00,0x00,0x00,0x00,0x00,0x00,0x00,0x00,0x00,0x00,0x00,0x72,0x10,0x12,0x7c,0xa5,0x06,0x88,0x00,0x00},
    },
    {
        {0x00,0x00,0x00,0x00,0x00,0x00,0x00,0x00,0x00,0x00,0x00,0x00,0x00,0x00,0x00,0x00,0x00,0x00,0x00,0x00,0x00,0x00,0x00,0x00,0x00,0x00,0x00,0x00,0x00,0x00,0x00,0x00,0x00,0x00,0x00,0x00,0x00,0x00,0x00,0x00,0x00,0x00,0x00,0x00,0x00,0x00,0x00,0x00,0x00,0x00,0x00,0x00,0x00,0x00,0x00,0x00,0x00,0x00,0x00,0x00,0x00,0x00,0x00,0x00,0x00,0x00,0x00,0x00,0x00,0x00,0x00,0x00,0x00,0x00,0x00,0x00,0x00,0x00,0x00,0x00,0x00,0x00,0x00,0x00,0x00,0x00,0x71,0x00,0x12,0x7c,0xa5,0x06,0x88,0x00,0x00},
        {0x00,0x00,0x00,0x00,0x00,0x00,0x00,0x00,0x00,0x00,0x00,0x00,0x00,0x00,0x00,0x00,0x00,0x00,0x00,0x00,0x00,0x00,0x00,0x00,0x00,0x00,0x00,0x00,0x00,0x00,0x00,0x00,0x00,0x00,0x00,0x00,0x00,0x00,0x00,0x00,0x00,0x00,0x00,0x00,0x00,0x00,0x00,0x00,0x00,0x00,0x00,0x00,0x00,0x00,0x00,0x00,0x00,0x00,0x00,0x00,0x00,0x00,0x00,0x00,0x00,0x00,0x00,0x00,0x00,0x00,0x00,0x00,0x00,0x00,0x00,0x00,0x00,0x00,0x00,0x00,0x00,0x00,0x00,0x00,0x00,0x00,0x71,0x00,0x12,0x7c,0xa5,0x06,0x88,0x00,0x00},
    },
    {
        {0x00,0x00,0x00,0x00,0x00,0x00,0x00,0x00,0x00,0x00,0x00,0x00,0x00,0x00,0x00,0x00,0x00,0x00,0x00,0x00,0x00,0x00,0x00,0x00,0x00,0x00,0x00,0x00,0x00,0x00,0x00,0x00,0x00,0x00,0x00,0x00,0x00,0x00,0x00,0x00,0x00,0x00,0x00,0x00,0x00,0x00,0x00,0x00,0x00,0x00,0x00,0x00,0x00,0x00,0x00,0x00,0x00,0x00,0x00,0x00,0x00,0x00,0x00,0x00,0x00,0x00,0x00,0x00,0x00,0x00,0x00,0x00,0x00,0x00,0x00,0x00,0x00,0x00,0x00,0x00,0x00,0x00,0x00,0x00,0x00,0x00,0x00,0x1c,0x12,0x7c,0xa5,0x06,0x80,0x00,0x00},
        {0x00,0x00,0x00,0x00,0x00,0x00,0x00,0x00,0x00,0x00,0x00,0x00,0x00,0x00,0x00,0x00,0x00,0x00,0x00,0x00,0x00,0x00,0x00,0x00,0x00,0x00,0x00,0x00,0x00,0x00,0x00,0x00,0x00,0x00,0x00,0x00,0x00,0x00,0x00,0x00,0x00,0x00,0x00,0x00,0x00,0x00,0x00,0x00,0x00,0x00,0x00,0x00,0x00,0x00,0x00,0x00,0x00,0x00,0x00,0x00,0x00,0x00,0x00,0x00,0x00,0x00,0x00,0x00,0x00,0x00,0x00,0x00,0x00,0x00,0x00,0x00,0x00,0x00,0x00,0x00,0x00,0x00,0x00,0x00,0x00,0x00,0x00,0x1c,0x12,0x7c,0xa5,0x06,0x80,0x00,0x00},
    },
    {
        {0x00,0x00,0x00,0x00,0x00,0x00,0x00,0x00,0x00,0x00,0x00,0x00,0x00,0x00,0x00,0x00,0x00,0x00,0x00,0x00,0x00,0x00,0x00,0x00,0x00,0x00,0x00,0x00,0x00,0x00,0x00,0x00,0x00,0x00,0x00,0x00,0x00,0x00,0x00,0x00,0x00,0x00,0x00,0x00,0x00,0x00,0x00,0x00,0x00,0x00,0x00,0x00,0x00,0x00,0x00,0x00,0x00,0x00,0x00,0x00,0x00,0x00,0x00,0x00,0x00,0x00,0x00,0x00,0x00,0x00,0x00,0x00,0x00,0x00,0x00,0x00,0x00,0x00,0x00,0x00,0x00,0x00,0x00,0x00,0x00,0x00,0x00,0x1c,0x12,0x7c,0xa5,0x06,0x80,0x00,0x00},
        {0x00,0x00,0x00,0x00,0x00,0x00,0x00,0x00,0x00,0x00,0x00,0x00,0x00,0x00,0x00,0x00,0x00,0x00,0x00,0x00,0x00,0x00,0x00,0x00,0x00,0x00,0x00,0x00,0x00,0x00,0x00,0x00,0x00,0x00,0x00,0x00,0x00,0x00,0x00,0x00,0x00,0x00,0x00,0x00,0x00,0x00,0x00,0x00,0x00,0x00,0x00,0x00,0x00,0x00,0x00,0x00,0x00,0x00,0x00,0x00,0x00,0x00,0x00,0x00,0x00,0x00,0x00,0x00,0x00,0x00,0x00,0x00,0x00,0x00,0x00,0x00,0x00,0x00,0x00,0x00,0x00,0x00,0x00,0x00,0x00,0x00,0x00,0x1c,0x12,0x7c,0xa5,0x06,0x80,0x00,0x00},
    },
    {
        {0x0c,0x4c,0x1a,0x81,0x2c,0x85,0x5c,0xbf,0x62,0x47,0xdc,0x4d,0x07,0x4c,0x23,0x70,0x8f,0xfa,0x1c,0x90,0x5e,0x27,0xfe,0xfd,0x6c,0x62,0xa0,0x37,0x01,0x02,0x59,0x93,0x99,0x7c,0x64,0xae,0x2b,0xc6,0xe0,0x6b,0x0c,0x56,0x24,0x35,0x2c,0xfb,0xfc,0xb4,0x1d,0x9f,0x14,0x3d,0x3a,0x97,0xc1,0xb2,0x8e,0x85,0x8b,0x12,0x15,0xd2,0x9a,0x8c,0x96,0xde,0xc5,0x8b,0x0a,0x9b,0x4c,0x93,0x0e,0xca,0x24,0x52,0x19,0x61,0xa8,0x4c,0x5b,0x8b,0xd8,0xa7,0x98,0xbd,0xfc,0xb8,0x08,0x3e,0xc4,0x03,0x55,0x3c,0xda},
        {0x0c,0x4c,0x1a,0x81,0x2c,0x85,0x5c,0xbf,0x62,0x47,0xdc,0x4d,0x07,0x4c,0x23,0x70,0x8f,0xfa,0x1c,0x90,0x5e,0x27,0xfe,0xfd,0x6c,0x62,0xa0,0x37,0x01,0x02,0x59,0x93,0x99,0x7c,0x64,0xae,0x2b,0xc6,0xe0,0x6b,0x0c,0x56,0x24,0x35,0x2c,0xfb,0xfc,0xb4,0x1d,0x9f,0x14,0x3d,0x3a,0x97,0xc1,0xb2,0x8e,0x85,0x8b,0x12,0x15,0xd2,0x9a,0x8c,0x96,0xde,0xc5,0x8b,0x0a,0x9b,0x4c,0x93,0x0e,0xca,0x24,0x52,0x19,0x61,0xa8,0x4c,0x5b,0x8b,0xd8,0xa7,0x98,0xbd,0xfc,0xb8,0x08,0x3e,0xc4,0x03,0x55,0x3c,0xda},
    },
    {
        {0xff,0xef,0x5c,0x2e,0x82,0xc1,0x6d,0xc6,0x6e,0xf8,0x54,0xf0,0x80,0x37,0x0b,0x98,0x63,0x89,0xdf,0x5c,0x2e,0xbb,0xb2,0x89,0x90,0xd4,0xaa,0x9a,0x6a,0x61,0xc6,0xe5,0x66,0xed,0xfd,0x0f,0x84,0x42,0x39,0x66,0x5a,0x7e,0x4e,0x6d,0x7f,0xd2,0x50,0x68,0x45,0x73,0x56,0x0d,0x3e,0x4e,0x7b,0x51,0xee,0x0f,0x01,0x43,0x08,0xae,0x6a,0x95,0xab,0x4b,0x42,0xbd,0xd3,0xa4,0x90,0x34,0x64,0x16,0xc4,0x70,0x52,0x15,0x20,0x22,0x13,0xc5,0x62,0x07,0x26,0x00,0xd0,0xd9,0xbc,0x7f,0xb0,0xf2,0x59,0x3c,0xdc},
        {0xff,0xef,0x5c,0x2e,0x82,0xc1,0x6d,0xc6,0x6e,0xf8,0x54,0xf0,0x80,0x37,0x0b,0x98,0x63,0x89,0xdf,0x5c,0x2e,0xbb,0xb2,0x89,0x90,0xd4,0xaa,0x9a,0x6a,0x61,0xc6,0xe5,0x66,0xed,0xfd,0x0f,0x84,0x42,0x39,0x66,0x5a,0x7e,0x4e,0x6d,0x7f,0xd2,0x50,0x68,0x45,0x73,0x56,0x0d,0x3e,0x4e,0x7b,0x51,0xee,0x0f,0x01,0x43,0x08,0xae,0x6a,0x95,0xab,0x4b,0x42,0xbd,0xd3,0xa4,0x90,0x34,0x64,0x16,0xc4,0x70,0x52,0x15,0x20,0x22,0x13,0xc5,0x62,0x07,0x26,0x00,0xd0,0xd9,0xbc,0x7f,0xb0,0xf2,0x59,0x3c,0xdc},
    },
    {
        {0xff,0xed,0x21,0x90,0x7e,0xc8,0x75,0xf1,0x09,0x9d,0x9f,0xfe,0x1a,0xcd,0xe1,0x82,0x9d,0x8d,0x74,0xa6,0xee,0x0c,0xd8,0x40,0x78,0x61,0xed,0x02,0xdc,0x4b,0xdd,0xb2,0xb8,0x97,0xe8,0x40,0xd6,0x21,0x49,0xda,0x1e,0x20,0xe3,0xa5,0x63,0x81,0x5e,0x37,0x8f,0x02,0xed,0xae,0xca,0x7c,0xc5,0x73,0x54,0x28,0xbb,0x69,0xf3,0x0e,0x0c,0xa9,0xfa,0xed,0xa7,0xcc,0x25,0xf4,0x61,0x5f,0x0c,0xe7,0x1f,0xe4,0x7a,0xd1,0x74,0xae,0xe4,0xf9,0xd8,0x42,0x05,0xb9,0xd0,0xd8,0xb6,0xb3,0x19,0x13,0x59,0x3c,0xd6},
        {0xff,0xed,0x21,0x90,0x7e,0xc8,0x75,0xf1,0x09,0x9d,0x9f,0xfe,0x1a,0xcd,0xe1,0x82,0x9d,0x8d,0x74,0xa6,0xee,0x0c,0xd8,0x40,0x78,0x61,0xed,0x02,0xdc,0x4b,0xdd,0xb2,0xb8,0x97,0xe8,0x40,0xd6,0x21,0x49,0xda,0x1e,0x20,0xe3,0xa5,0x63,0x81,0x5e,0x37,0x8f,0x02,0xed,0xae,0xca,0x7c,0xc5,0x73,0x54,0x28,0xbb,0x69,0xf3,0x0e,0x0c,0xa9,0xfa,0xed,0xa7,0xcc,0x25,0xf4,0x61,0x5f,0x0c,0xe7,0x1f,0xe4,0x7a,0xd1,0x74,0xae,0xe4,0xf9,0xd8,0x42,0x05,0xb9,0xd0,0xd8,0xb6,0xb3,0x19,0x13,0x59,0x3c,0xd6},
    },
    {
        {0xff,0xf2,0x90,0xc6,0xe4,0xc5,0x2b,0x61,0xcc,0x35,0x26,0x96,0xdb,0x84,0xb4,0x30,0x9b,0xa5,0x8d,0xd9,0x67,0x3c,0xc9,0x39,0x62,0x0d,0xe9,0xba,0x90,0x72,0xcd,0x6f,0x7a,0xd0,0x8a,0x14,0xfd,0xa7,0x3f,0x22,0x93,0xfb,0x45,0xf4,0x8c,0x70,0x97,0x1b,0x9a,0xbc,0x06,0x65,0x03,0x58,0xd9,0x8a,0x13,0x23,0x28,0x0f,0xb7,0x78,0xc1,0xb3,0x14,0x26,0x46,0x50,0x1d,0xa4,0x66,0x2e,0xd2,0x81,0x44,0xa4,0xb8,0x26,0x92,0x15,0xfa,0x64,0x78,0x14,0xf7,0x59,0xd0,0xd8,0xc2,0xf3,0x72,0xd3,0x59,0x3a,0xea},
        {0xff,0xf2,0x90,0xc6,0xe4,0xc5,0x2b,0x61,0xcc,0x35,0x26,0x96,0xdb,0x84,0xb4,0x30,0x9b,0xa5,0x8d,0xd9,0x67,0x3c,0xc9,0x39,0x62,0x0d,0xe9,0xba,0x90,0x72,0xcd,0x6f,0x7a,0xd0,0x8a,0x14,0xfd,0xa7,0x3f,0x22,0x93,0xfb,0x45,0xf4,0x8c,0x70,0x97,0x1b,0x9a,0xbc,0x06,0x65,0x03,0x58,0xd9,0x8a,0x13,0x23,0x28,0x0f,0xb7,0x78,0xc1,0xb3,0x14,0x26,0x46,0x50,0x1d,0xa4,0x66,0x2e,0xd2,0x81,0x44,0xa4,0xb8,0x26,0x92,0x15,0xfa,0x64,0x78,0x14,0xf7,0x59,0xd0,0xd8,0xc2,0xf3,0x72,0xd3,0x59,0x3a,0xea},
    },
    {
        {0xff,0xa9,0x56,0xb9,0xf9,0x64,0x75,0x6a,0xa9,0xff,0x98,0x2b,0x13,0x78,0xb4,0x48,0x8d,0x29,0x0f,0xb7,0x5f,0x28,0x91,0x01,0x49,0x4f,0xb3,0x40,0xdb,0x8d,0x20,0x53,0x2a,0xa3,0xe6,0x62,0x57,0xd7,0x34,0x88,0x5f,0xa1,0x4c,0xe7,0x41,0xff,0x0c,0x90,0xb2,0x35,0xa0,0xaa,0x72,0xba,0x13,0x8b,0xad,0x02,0x3e,0x75,0x42,0x7a,0xcd,0x2b,0x7c,0xce,0xa8,0x4e,0x53,0x85,0x87,0x51,0x68,0x05,0x28,0xc2,0x86,0x34,0x0a,0xd5,0x54,0x34,0x85,0x93,0x0b,0x3a,0x50,0xd8,0xab,0x23,0xed,0x93,0x59,0x3a,0xe5},
        {0xff,0xa9,0x56,0xb9,0xf9,0x64,0x75,0x6a,0xa9,0xff,0x98,0x2b,0x13,0x78,0xb4,0x48,0x8d,0x29,0x0f,0xb7,0x5f,0x28,0x91,0x01,0x49,0x4f,0xb3,0x40,0xdb,0x8d,0x20,0x53,0x2a,0xa3,0xe6,0x62,0x57,0xd7,0x34,0x88,0x5f,0xa1,0x4c,0xe7,0x41,0xff,0x0c,0x90,0xb2,0x35,0xa0,0xaa,0x72,0xba,0x13,0x8b,0xad,0x02,0x3e,0x75,0x42,0x7a,0xcd,0x2b,0x7c,0xce,0xa8,0x4e,0x53,0x85,0x87,0x51,0x68,0x05,0x28,0xc2,0x86,0x34,0x0a,0xd5,0x54,0x34,0x85,0x93,0x0b,0x3a,0x50,0xd8,0xab,0x23,0xed,0x93,0x59,0x3a,0xe5},
    },
    {
        {0xff,0xf2,0x90,0xc6,0x5a,0x7a,0x3c,0x1d,0x9f,0xd1,0x39,0x9f,0xfe,0xdd,0x0c,0x85,0x7c,0x60,0xf9,0xf0,0xeb,0x7d,0xa3,0xca,0x41,0xcc,0x83,0xde,0xba,0xde,0xbf,0xa8,0x8b,0x67,0x4a,0xd8,0x8e,0xee,0xb5,0xf6,0x33,0xa1,0x54,0xd9,0x05,0xbb,0xd3,0x6e,0xd7,0xaa,0x77,0xb1,0xa4,0xb5,0xe9,0x3d,0x03,0xed,0xec,0x69,0xad,0xf8,0x5e,0x3a,0xb3,0x7b,0x1a,0x6b,0x7e,0x15,0x3a,0x9d,0x19,0x7a,0xf6,0x0c,0x6c,0xe1,0x4f,0xe6,0x8a,0xb1,0x42,0xee,0x86,0x69,0xd0,0xd8,0xac,0x9a,0xab,0x13,0x59,0x3c,0xdb},
        {0xff,0xf2,0x90,0xc6,0x5a,0x7a,0x3c,0x1d,0x9f,0xd1,0x39,0x9f,0xfe,0xdd,0x0c,0x85,0x7c,0x60,0xf9,0xf0,0xeb,0x7d,0xa3,0xca,0x41,0xcc,0x83,0xde,0xba,0xde,0xbf,0xa8,0x8b,0x67,0x4a,0xd8,0x8e,0xee,0xb5,0xf6,0x33,0xa1,0x54,0xd9,0x05,0xbb,0xd3,0x6e,0xd7,0xaa,0x77,0xb1,0xa4,0xb5,0xe9,0x3d,0x03,0xed,0xec,0x69,0xad,0xf8,0x5e,0x3a,0xb3,0x7b,0x1a,0x6b,0x7e,0x15,0x3a,0x9d,0x19,0x7a,0xf6,0x0c,0x6c,0xe1,0x4f,0xe6,0x8a,0xb1,0x42,0xee,0x86,0x69,0xd0,0xd8,0xac,0x9a,0xab,0x13,0x59,0x3c,0xdb},
    },
    {
        {0xff,0xf3,0xac,0x63,0x55,0x91,0xd0,0x17,0x05,0x3d,0x01,0xaa,0xeb,0x5e,0x54,0xf2,0x3b,0x75,0x26,0x2a,0x8f,0xb3,0x56,0x46,0xd5,0x9a,0x47,0x36,0xc6,0x99,0x06,0xa0,0x75,0xfd,0x71,0xce,0xca,0xde,0x0a,0x6c,0xc7,0x12,0x0b,0xde,0xc1,0xd3,0x18,0x95,0x4a,0xf8,0xa9,0x6e,0xf0,0x59,0x08,0xe1,0xd1,0x0d,0x64,0x40,0x1c,0xe2,0xbc,0x16,0x42,0x38,0x74,0x42,0xdf,0xf7,0xc7,0x98,0xb3,0x52,0x9e,0xac,0xae,0xf6,0x82,0x29,0x4b,0xcd,0x7f,0x67,0xb4,0x30,0xd0,0xdb,0x02,0xc5,0x77,0x72,0x59,0x32,0xde},
        {0xff,0xf3,0xac,0x63,0x55,0x91,0xd0,0x17,0x05,0x3d,0x01,0xaa,0xeb,0x5e,0x54,0xf2,0x3b,0x75,0x26,0x2a,0x8f,0xb3,0x56,0x46,0xd5,0x9a,0x47,0x36,0xc6,0x99,0x06,0xa0,0x75,0xfd,0x71,0xce,0xca,0xde,0x0a,0x6c,0xc7,0x12,0x0b,0xde,0xc1,0xd3,0x18,0x95,0x4a,0xf8,0xa9,0x6e,0xf0,0x59,0x08,0xe1,0xd1,0x0d,0x64,0x40,0x1c,0xe2,0xbc,0x16,0x42,0x38,0x74,0x42,0xdf,0xf7,0xc7,0x98,0xb3,0x52,0x9e,0xac,0xae,0xf6,0x82,0x29,0x4b,0xcd,0x7f,0x67,0xb4,0x30,0xd0,0xdb,0x02,0xc5,0x77,0x72,0x59,0x32,0xde},
    },
    {
        {0xff,0xed,0x21,0x7f,0xd6,0x80,0x95,0x20,0x04,0xe8,0xcc,0xfc,0x7b,0xc0,0xcc,0x8d,0x18,0x4b,0x32,0x41,0x6b,0xa4,0x8a,0x62,0xc2,0xf4,0xd1,0xd0,0x79,0x1e,0x1f,0x97,0x88,0x3b,0x2c,0x69,0x1f,0xca,0xf5,0x1c,0x06,0xe9,0xda,0x03,0xc0,0xa6,0x15,0x11,0x9b,0x7e,0x0d,0x66,0x82,0x77,0x76,0xbd,0x48,0x6d,0xc2,0xb4,0xed,0x7a,0x19,0x9d,0x42,0x19,0xda,0xf4,0x36,0xe3,0x21,0x82,0x57,0x03,0x70,0x0d,0x40,0xb2,0x98,0x01,0x99,0xbe,0xa7,0xd8,0x9c,0x58,0x50,0xd8,0xac,0x9a,0xab,0x13,0x59,0x3e,0xbc},
        {0xff,0xed,0x21,0x7f,0xd6,0x80,0x95,0x20,0x04,0xe8,0xcc,0xfc,0x7b,0xc0,0xcc,0x8d,0x18,0x4b,0x32,0x41,0x6b,0xa4,0x8a,0x62,0xc2,0xf4,0xd1,0xd0,0x79,0x1e,0x1f,0x97,0x88,0x3b,0x2c,0x69,0x1f,0xca,0xf5,0x1c,0x06,0xe9,0xda,0x03,0xc0,0xa6,0x15,0x11,0x9b,0x7e,0x0d,0x66,0x82,0x77,0x76,0xbd,0x48,0x6d,0xc2,0xb4,0xed,0x7a,0x19,0x9d,0x42,0x19,0xda,0xf4,0x36,0xe3,0x21,0x82,0x57,0x03,0x70,0x0d,0x40,0xb2,0x98,0x01,0x99,0xbe,0xa7,0xd8,0x9c,0x58,0x50,0xd8,0xac,0x9a,0xab,0x13,0x59,0x3e,0xbc},
    },
    {
        {0xff,0xf2,0x90,0xbf,0xbe,0xa5,0x26,0x33,0xc6,0x39,0x1d,0xdb,0xdd,0x8f,0x1b,0x37,0xe1,0x3f,0xfb,0x04,0x53,0x20,0x7d,0xfd,0x7e,0xb4,0xd2,0x42,0xc9,0xcd,0xd4,0x14,0x7d,0x33,0x0f,0xc2,0x49,0xec,0x00,0xcf,0xe4,0x22,0x91,0xf7,0xce,0xe5,0x0d,0x9c,0x00,0xa9,0x92,0x27,0xc0,0x5b,0x59,0x67,0x21,0x30,0x6e,0xa1,0xe0,0xb6,0xaf,0x99,0xc8,0x4c,0x9b,0xa8,0x7a,0x89,0x00,0xbf,0x48,0x3f,0xb3,0x4f,0x4b,0xc3,0x09,0xc0,0x23,0x58,0x66,0x64,0x15,0xa1,0x50,0xd8,0xc2,0xf3,0x72,0xd3,0x59,0x3a,0xef},
        {0xff,0xf2,0x90,0xbf,0xbe,0xa5,0x26,0x33,0xc6,0x39,0x1d,0xdb,0xdd,0x8f,0x1b,0x37,0xe1,0x3f,0xfb,0x04,0x53,0x20,0x7d,0xfd,0x7e,0xb4,0xd2,0x42,0xc9,0xcd,0xd4,0x14,0x7d,0x33,0x0f,0xc2,0x49,0xec,0x00,0xcf,0xe4,0x22,0x91,0xf7,0xce,0xe5,0x0d,0x9c,0x00,0xa9,0x92,0x27,0xc0,0x5b,0x59,0x67,0x21,0x30,0x6e,0xa1,0xe0,0xb6,0xaf,0x99,0xc8,0x4c,0x9b,0xa8,0x7a,0x89,0x00,0xbf,0x48,0x3f,0xb3,0x4f,0x4b,0xc3,0x09,0xc0,0x23,0x58,0x66,0x64,0x15,0xa1,0x50,0xd8,0xc2,0xf3,0x72,0xd3,0x59,0x3a,0xef},
    },
    {
        {0xff,0xe2,0x02,0xee,0x16,0x28,0x7f,0x65,0xb1,0x55,0x19,0xa6,0x58,0x63,0x0f,0x02,0x32,0x93,0x27,0x3f,0x79,0x24,0x63,0x69,0x8e,0x5d,0xd7,0xab,0x9b,0x25,0xd7,0x18,0x45,0xaa,0x2b,0x88,0xb6,0x5b,0x97,0xda,0xbe,0x0e,0xbd,0x29,0x85,0x7e,0xf0,0xb6,0x52,0x90,0xaf,0x47,0x15,0x2e,0x4c,0xdc,0x0d,0xea,0x83,0x26,0x5c,0x91,0xae,0x80,0x1a,0x26,0x5c,0x90,0xb3,0x87,0x94,0x3f,0xde,0x12,0xda,0x60,0x76,0x8b,0x8d,0x9c,0x28,0x4d,0x21,0x2f,0x21,0x7a,0x50,0xd8,0xab,0x23,0xed,0x93,0x59,0x3c,0xed},
        {0xff,0xe2,0x02,0xee,0x16,0x28,0x7f,0x65,0xb1,0x55,0x19,0xa6,0x58,0x63,0x0f,0x02,0x32,0x93,0x27,0x3f,0x79,0x24,0x63,0x69,0x8e,0x5d,0xd7,0xab,0x9b,0x25,0xd7,0x18,0x45,0xaa,0x2b,0x88,0xb6,0x5b,0x97,0xda,0xbe,0x0e,0xbd,0x29,0x85,0x7e,0xf0,0xb6,0x52,0x90,0xaf,0x47,0x15,0x2e,0x4c,0xdc,0x0d,0xea,0x83,0x26,0x5c,0x91,0xae,0x80,0x1a,0x26,0x5c,0x90,0xb3,0x87,0x94,0x3f,0xde,0x12,0xda,0x60,0x76,0x8b,0x8d,0x9c,0x28,0x4d,0x21,0x2f,0x21,0x7a,0x50,0xd8,0xab,0x23,0xed,0x93,0x59,0x3c,0xed},
    },
    {
        {0xff,0xf2,0x90,0xc6,0x5a,0x7a,0xb7,0x98,0x4f,0x93,0xe0,0x18,0x07,0x02,0xf2,0xcd,0x4e,0xea,0x6f,0xd4,0x96,0x1a,0x26,0x35,0x6f,0x20,0x47,0xd8,0x00,0x6c,0x60,0x6c,0x70,0x86,0x5f,0x0b,0x75,0x6a,0x13,0x3d,0x12,0xe5,0x1d,0x1a,0xfc,0x83,0x82,0xfb,0x6a,0xb6,0xe6,0x0b,0xc8,0x0d,0xf5,0x6d,0xfa,0x40,0xf6,0xfb,0xea,0xd9,0xf7,0xcc,0x01,0x8f,0xd5,0xb3,0xeb,0xb7,0x15,0xea,0x86,0x95,0xa0,0x81,0x19,0x30,0x8a,0xf1,0xe0,0x64,0xba,0xfb,0xe7,0x69,0xd0,0xd8,0xb6,0x15,0xcd,0x13,0x59,0x3c,0xdc},
        {0xff,0xf2,0x90,0xc6,0x5a,0x7a,0xb7,0x98,0x4f,0x93,0xe0,0x18,0x07,0x02,0xf2,0xcd,0x4e,0xea,0x6f,0xd4,0x96,0x1a,0x26,0x35,0x6f,0x20,0x47,0xd8,0x00,0x6c,0x60,0x6c,0x70,0x86,0x5f,0x0b,0x75,0x6a,0x13,0x3d,0x12,0xe5,0x1d,0x1a,0xfc,0x83,0x82,0xfb,0x6a,0xb6,0xe6,0x0b,0xc8,0x0d,0xf5,0x6d,0xfa,0x40,0xf6,0xfb,0xea,0xd9,0xf7,0xcc,0x01,0x8f,0xd5,0xb3,0xeb,0xb7,0x15,0xea,0x86,0x95,0xa0,0x81,0x19,0x30,0x8a,0xf1,0xe0,0x64,0xba,0xfb,0xe7,0x69,0xd0,0xd8,0xb6,0x15,0xcd,0x13,0x59,0x3c,0xdc},
    },
    {
        {0xff,0xf2,0x1f,0x6e,0x45,0xa8,0x86,0x88,0x09,0xdc,0x64,0x36,0xa0,0xfd,0xdf,0xaf,0x74,0x7e,0xa6,0x92,0xe7,0x6d,0x12,0xad,0x23,0x26,0xca,0x6e,0xa7,0x60,0xf7,0xb4,0x1d,0x1c,0xe9,0x8f,0xcd,0xdd,0x23,0x28,0x2d,0x69,0xad,0x03,0x5a,0x06,0x5e,0xcc,0xaa,0xaa,0x81,0xda,0x43,0xca,0xa4,0x7d,0x13,0xc0,0xed,0x21,0xd5,0x75,0xc0,0x2e,0xa0,0x76,0x90,0xea,0xd4,0x42,0x02,0xe8,0x44,0x22,0x82,0x12,0xd0,0x41,0x43,0x83,0x31,0x73,0x1b,0xf3,0x13,0xbc,0xc0,0xda,0x18,0x96,0x25,0x52,0x59,0x38,0xcf},
        {0xff,0xf2,0x1f,0x6e,0x45,0xa8,0x86,0x88,0x09,0xdc,0x64,0x36,0xa0,0xfd,0xdf,0xaf,0x74,0x7e,0xa6,0x92,0xe7,0x6d,0x12,0xad,0x23,0x26,0xca,0x6e,0xa7,0x60,0xf7,0xb4,0x1d,0x1c,0xe9,0x8f,0xcd,0xdd,0x23,0x28,0x2d,0x69,0xad,0x03,0x5a,0x06,0x5e,0xcc,0xaa,0xaa,0x81,0xda,0x43,0xca,0xa4,0x7d,0x13,0xc0,0xed,0x21,0xd5,0x75,0xc0,0x2e,0xa0,0x76,0x90,0xea,0xd4,0x42,0x02,0xe8,0x44,0x22,0x82,0x12,0xd0,0x41,0x43,0x83,0x31,0x73,0x1b,0xf3,0x13,0xbc,0xc0,0xda,0x18,0x96,0x25,0x52,0x59,0x38,0xcf},
    },
    {
        {0xff,0xef,0xc9,0x47,0xb7,0x7b,0x4d,0x74,0x3a,0x3a,0xb2,0x84,0x12,0xa6,0x08,0xb9,0xd9,0x0c,0xe0,0x25,0xa7,0x84,0xf7,0x3f,0xd6,0xfa,0xf5,0x27,0x57,0xea,0x2c,0x4d,0x01,0x07,0x84,0x23,0x1b,0xd8,0xd4,0xa9,0xfe,0xfd,0x4b,0x3b,0xc7,0x6b,0x96,0x80,0x70,0x4b,0x65,0xb6,0x37,0x6d,0x04,0xb5,0x7b,0x7d,0x2e,0x96,0x02,0x5a,0xe4,0xa4,0xd4,0x2b,0x01,0x2d,0x71,0x5f,0x5a,0xc5,0x21,0x63,0x39,0x88,0x58,0xc2,0xd0,0x64,0x83,0x18,0xa1,0xf5,0x00,0x3e,0x50,0xd8,0xac,0x9a,0xab,0x13,0x59,0x3e,0xed},
        {0xff,0xef,0xc9,0x47,0xb7,0x7b,0x4d,0x74,0x3a,0x3a,0xb2,0x84,0x12,0xa6,0x08,0xb9,0xd9,0x0c,0xe0,0x25,0xa7,0x84,0xf7,0x3f,0xd6,0xfa,0xf5,0x27,0x57,0xea,0x2c,0x4d,0x01,0x07,0x84,0x23,0x1b,0xd8,0xd4,0xa9,0xfe,0xfd,0x4b,0x3b,0xc7,0x6b,0x96,0x80,0x70,0x4b,0x65,0xb6,0x37,0x6d,0x04,0xb5,0x7b,0x7d,0x2e,0x96,0x02,0x5a,0xe4,0xa4,0xd4,0x2b,0x01,0x2d,0x71,0x5f,0x5a,0xc5,0x21,0x63,0x39,0x88,0x58,0xc2,0xd0,0x64,0x83,0x18,0xa1,0xf5,0x00,0x3e,0x50,0xd8,0xac,0x9a,0xab,0x13,0x59,0x3e,0xed},
    },
    {
        {0xff,0xf2,0x90,0xbf,0xbe,0x9c,0x2c,0x6a,0x8a,0x89,0x29,0xc7,0x49,0x8c,0xe3,0xab,0xfb,0xdb,0x25,0x19,0x8b,0x4f,0xc8,0xb9,0xdc,0x43,0x2b,0xa0,0xf0,0xe3,0xe4,0xa3,0xe6,0xe9,0xe0,0xcb,0x61,0x7d,0x1d,0xed,0xba,0xb6,0x23,0x7e,0x6f,0x2e,0xf0,0xf0,0x95,0xf4,0xcd,0x2a,0x6a,0x88,0x20,0x8a,0x35,0xd0,0x90,0xf5,0x99,0x8d,0xa9,0xaa,0x20,0x82,0x28,0xd7,0x42,0xbf,0xf3,0xe6,0xa8,0xd8,0x27,0xc1,0x6c,0xe4,0xde,0x98,0x5c,0xfb,0x78,0x78,0xf1,0x75,0x50,0xd8,0xc2,0xf3,0x72,0xd3,0x59,0x3a,0xee},
        {0xff,0xf2,0x90,0xbf,0xbe,0x9c,0x2c,0x6a,0x8a,0x89,0x29,0xc7,0x49,0x8c,0xe3,0xab,0xfb,0xdb,0x25,0x19,0x8b,0x4f,0xc8,0xb9,0xdc,0x43,0x2b,0xa0,0xf0,0xe3,0xe4,0xa3,0xe6,0xe9,0xe0,0xcb,0x61,0x7d,0x1d,0xed,0xba,0xb6,0x23,0x7e,0x6f,0x2e,0xf0,0xf0,0x95,0xf4,0xcd,0x2a,0x6a,0x88,0x20,0x8a,0x35,0xd0,0x90,0xf5,0x99,0x8d,0xa9,0xaa,0x20,0x82,0x28,0xd7,0x42,0xbf,0xf3,0xe6,0xa8,0xd8,0x27,0xc1,0x6c,0xe4,0xde,0x98,0x5c,0xfb,0x78,0x78,0xf1,0x75,0x50,0xd8,0xc2,0xf3,0x72,0xd3,0x59,0x3a,0xee},
    },
    {
        {0xff,0xe5,0x64,0x71,0x26,0x86,0x82,0xa1,0xe3,0x93,0x9c,0xb7,0x1a,0x76,0xc1,0x09,0x26,0x6a,0x6f,0xe0,0xba,0x5e,0x01,0x59,0x24,0x1a,0x86,0xb7,0xb8,0xc5,0xd3,0xc0,0x6b,0x9b,0x5a,0x9a,0x6e,0xed,0x86,0x40,0x5e,0x30,0x3a,0x52,0x00,0x24,0x2f,0xb9,0x77,0x69,0x77,0x81,0xb4,0x36,0x07,0x39,0xb6,0x96,0x78,0x1a,0x62,0xa3,0x7b,0xbf,0x69,0x67,0x81,0xa6,0x2a,0x8d,0x85,0xb9,0x9c,0x16,0x60,0xb7,0x60,0xbe,0x19,0xff,0x7d,0x4e,0x07,0xf1,0x98,0x70,0x40,0xd8,0xb4,0xf8,0x49,0x13,0x59,0x3a,0xea},
        {0xff,0xe5,0x64,0x71,0x26,0x86,0x82,0xa1,0xe3,0x93,0x9c,0xb7,0x1a,0x76,0xc1,0x09,0x26,0x6a,0x6f,0xe0,0xba,0x5e,0x01,0x59,0x24,0x1a,0x86,0xb7,0xb8,0xc5,0xd3,0xc0,0x6b,0x9b,0x5a,0x9a,0x6e,0xed,0x86,0x40,0x5e,0x30,0x3a,0x52,0x00,0x24,0x2f,0xb9,0x77,0x69,0x77,0x81,0xb4,0x36,0x07,0x39,0xb6,0x96,0x78,0x1a,0x62,0xa3,0x7b,0xbf,0x69,0x67,0x81,0xa6,0x2a,0x8d,0x85,0xb9,0x9c,0x16,0x60,0xb7,0x60,0xbe,0x19,0xff,0x7d,0x4e,0x07,0xf1,0x98,0x70,0x40,0xd8,0xb4,0xf8,0x49,0x13,0x59,0x3a,0xea},
    },
    {
        {0xff,0xf2,0x90,0xc6,0xe4,0xc6,0xae,0x91,0xdb,0xcb,0xd2,0xf3,0x60,0x14,0xca,0x22,0x3c,0x94,0x4c,0x7b,0x5f,0x7d,0x6c,0x56,0xcc,0x99,0x84,0xfe,0x2a,0x65,0x03,0x17,0x29,0xb9,0x53,0x90,0x80,0xe4,0xda,0x41,0xb5,0xff,0xb8,0x92,0xd7,0x1e,0x65,0x24,0x5c,0x82,0xe4,0x00,0x63,0x6f,0x2f,0xbf,0x48,0x2e,0x40,0x07,0x12,0xe6,0x23,0x74,0x82,0xe4,0x00,0x71,0x45,0x4a,0xa0,0x4c,0xba,0x72,0x5f,0x3b,0xf3,0x77,0x42,0xd7,0x45,0xf6,0x61,0x0c,0x93,0xe5,0x50,0xd8,0xb6,0x15,0xcd,0x13,0x59,0x3a,0xdc},
        {0xff,0xf2,0x90,0xc6,0xe4,0xc6,0xae,0x91,0xdb,0xcb,0xd2,0xf3,0x60,0x14,0xca,0x22,0x3c,0x94,0x4c,0x7b,0x5f,0x7d,0x6c,0x56,0xcc,0x99,0x84,0xfe,0x2a,0x65,0x03,0x17,0x29,0xb9,0x53,0x90,0x80,0xe4,0xda,0x41,0xb5,0xff,0xb8,0x92,0xd7,0x1e,0x65,0x24,0x5c,0x82,0xe4,0x00,0x63,0x6f,0x2f,0xbf,0x48,0x2e,0x40,0x07,0x12,0xe6,0x23,0x74,0x82,0xe4,0x00,0x71,0x45,0x4a,0xa0,0x4c,0xba,0x72,0x5f,0x3b,0xf3,0x77,0x42,0xd7,0x45,0xf6,0x61,0x0c,0x93,0xe5,0x50,0xd8,0xb6,0x15,0xcd,0x13,0x59,0x3a,0xdc},
    },
    {
        {0xff,0xf2,0x22,0x65,0x13,0xa5,0xef,0x93,0xae,0x8b,0x20,0xc8,0x79,0x1b,0x76,0x3f,0x7a,0x71,0x39,0x29,0x82,0x63,0xf8,0xec,0x22,0x02,0x70,0xa0,0xe5,0x39,0xe5,0x50,0x5a,0x39,0x77,0x24,0x51,0x9a,0x7c,0xdc,0xc0,0xbe,0xc8,0xaf,0x7b,0x87,0x5c,0xdb,0xa6,0x62,0x03,0x79,0xb3,0xc2,0xfb,0xa6,0x99,0x8c,0x0c,0xe7,0xc0,0xf4,0xd1,0x1a,0x66,0x30,0x33,0x9e,0xb7,0xeb,0xf0,0xfe,0x1f,0x1c,0xb8,0x17,0xf9,0x29,0xb7,0xfd,0xca,0xc8,0xe1,0x6e,0x71,0xea,0xd0,0xd9,0x5d,0xe9,0x02,0x92,0x59,0x3a,0xee},
        {0xff,0xf2,0x22,0x65,0x13,0xa5,0xef,0x93,0xae,0x8b,0x20,0xc8,0x79,0x1b,0x76,0x3f,0x7a,0x71,0x39,0x29,0x82,0x63,0xf8,0xec,0x22,0x02,0x70,0xa0,0xe5,0x39,0xe5,0x50,0x5a,0x39,0x77,0x24,0x51,0x9a,0x7c,0xdc,0xc0,0xbe,0xc8,0xaf,0x7b,0x87,0x5c,0xdb,0xa6,0x62,0x03,0x79,0xb3,0xc2,0xfb,0xa6,0x99,0x8c,0x0c,0xe7,0xc0,0xf4,0xd1,0x1a,0x66,0x30,0x33,0x9e,0xb7,0xeb,0xf0,0xfe,0x1f,0x1c,0xb8,0x17,0xf9,0x29,0xb7,0xfd,0xca,0xc8,0xe1,0x6e,0x71,0xea,0xd0,0xd9,0x5d,0xe9,0x02,0x92,0x59,0x3a,0xee},
    },
    {
        {0xff,0xef,0xc9,0x4e,0x42,0xe7,0x1d,0xe5,0xa1,0x78,0x94,0x62,0x60,0x76,0x78,0x78,0xc7,0x17,0xe9,0x30,0x8c,0x0d,0xa3,0x01,0x71,0x5c,0xc2,0x11,0x2b,0x9a,0x4e,0x98,0xed,0x72,0x4a,0xc5,0x84,0xc4,0xf2,0x39,0x27,0xdd,0xf9,0x0b,0x39,0x9a,0xfd,0xde,0x58,0xb2,0x62,0x4e,0x49,0xef,0xf2,0x0c,0x6e,0x8c,0xf2,0x5f,0x77,0x93,0xb8,0x6c,0x7b,0x92,0xfb,0xbc,0x98,0xc1,0xf0,0x93,0x2e,0x82,0xc4,0x52,0xe0,0x65,0xb8,0xd7,0x9a,0x77,0xd6,0xa2,0x59,0xdc,0xd0,0xd8,0xac,0x9a,0xab,0x13,0x59,0x3e,0xe8},
        {0xff,0xef,0xc9,0x4e,0x42,0xe7,0x1d,0xe5,0xa1,0x78,0x94,0x62,0x60,0x76,0x78,0x78,0xc7,0x17,0xe9,0x30,0x8c,0x0d,0xa3,0x01,0x71,0x5c,0xc2,0x11,0x2b,0x9a,0x4e,0x98,0xed,0x72,0x4a,0xc5,0x84,0xc4,0xf2,0x39,0x27,0xdd,0xf9,0x0b,0x39,0x9a,0xfd,0xde,0x58,0xb2,0x62,0x4e,0x49,0xef,0xf2,0x0c,0x6e,0x8c,0xf2,0x5f,0x77,0x93,0xb8,0x6c,0x7b,0x92,0xfb,0xbc,0x98,0xc1,0xf0,0x93,0x2e,0x82,0xc4,0x52,0xe0,0x65,0xb8,0xd7,0x9a,0x77,0xd6,0xa2,0x59,0xdc,0xd0,0xd8,0xac,0x9a,0xab,0x13,0x59,0x3e,0xe8},
    },
    {
        {0xff,0xf2,0x22,0xa1,0xb8,0xd7,0x5c,0x6e,0xcc,0x0e,0x60,0x3a,0x23,0x9d,0x05,0x58,0xe0,0x9f,0x59,0x04,0xc3,0xb7,0x43,0xee,0x3f,0xfc,0x53,0x66,0xef,0x0e,0x15,0xe3,0x7e,0x82,0x88,0xbe,0x81,0x3a,0xa5,0x20,0x6a,0xe3,0x9a,0x56,0xff,0xc3,0x7d,0x27,0x7d,0x9b,0x09,0xa7,0xf3,0xbd,0x4c,0x58,0x1e,0x26,0x50,0x69,0x3f,0x8d,0xfb,0xf6,0x07,0x89,0x94,0x1a,0x4f,0x48,0x9d,0x8e,0x95,0xce,0x9e,0xae,0xc5,0xfa,0x59,0x1d,0xb4,0x23,0x88,0xc5,0x1a,0xcb,0x50,0xd8,0xc2,0xf3,0x72,0xd3,0x59,0x3a,0xef},
        {0xff,0xf2,0x22,0xa1,0xb8,0xd7,0x5c,0x6e,0xcc,0x0e,0x60,0x3a,0x23,0x9d,0x05,0x58,0xe0,0x9f,0x59,0x04,0xc3,0xb7,0x43,0xee,0x3f,0xfc,0x53,0x66,0xef,0x0e,0x15,0xe3,0x7e,0x82,0x88,0xbe,0x81,0x3a,0xa5,0x20,0x6a,0xe3,0x9a,0x56,0xff,0xc3,0x7d,0x27,0x7d,0x9b,0x09,0xa7,0xf3,0xbd,0x4c,0x58,0x1e,0x26,0x50,0x69,0x3f,0x8d,0xfb,0xf6,0x07,0x89,0x94,0x1a,0x4f,0x48,0x9d,0x8e,0x95,0xce,0x9e,0xae,0xc5,0xfa,0x59,0x1d,0xb4,0x23,0x88,0xc5,0x1a,0xcb,0x50,0xd8,0xc2,0xf3,0x72,0xd3,0x59,0x3a,0xef},
    },
    {
        {0xff,0x92,0xf0,0x55,0xca,0x49,0x43,0xf4,0xf1,0x2e,0x66,0x4d,0x7e,0x48,0x4e,0x5f,0xd6,0x8d,0x72,0xe0,0xe9,0xb9,0x1d,0x25,0x0a,0x35,0xc7,0xe8,0x37,0x57,0x88,0x5c,0x1a,0x72,0x67,0xca,0x8d,0x21,0xc4,0x8e,0xca,0x45,0x11,0xaf,0x8d,0x8d,0x57,0x63,0x5b,0xc7,0x16,0x0e,0x79,0xdf,0xc8,0xab,0xb1,0xb5,0x05,0xb0,0xbe,0xb3,0x7f,0xef,0xe5,0xd8,0xda,0xaa,0xaa,0xa9,0xd8,0x88,0xe2,0x8d,0x44,0xdd,0x7f,0xbb,0x0a,0xec,0xae,0xac,0x51,0x08,0x48,0xc1,0xd0,0xd8,0xb6,0xc3,0x59,0x13,0x59,0x40,0xd8},
        {0xff,0x92,0xf0,0x55,0xca,0x49,0x43,0xf4,0xf1,0x2e,0x66,0x4d,0x7e,0x48,0x4e,0x5f,0xd6,0x8d,0x72,0xe0,0xe9,0xb9,0x1d,0x25,0x0a,0x35,0xc7,0xe8,0x37,0x57,0x88,0x5c,0x1a,0x72,0x67,0xca,0x8d,0x21,0xc4,0x8e,0xca,0x45,0x11,0xaf,0x8d,0x8d,0x57,0x63,0x5b,0xc7,0x16,0x0e,0x79,0xdf,0xc8,0xab,0xb1,0xb5,0x05,0xb0,0xbe,0xb3,0x7f,0xef,0xe5,0xd8,0xda,0xaa,0xaa,0xa9,0xd8,0x88,0xe2,0x8d,0x44,0xdd,0x7f,0xbb,0x0a,0xec,0xae,0xac,0x51,0x08,0x48,0xc1,0xd0,0xd8,0xb6,0xc3,0x59,0x13,0x59,0x40,0xd8},
    },
    {
        {0x15,0xab,0xb5,0xe8,0x16,0x4d,0x6b,0x50,0x2b,0xc9,0xc4,0x55,0x41,0x59,0xe8,0x3a,0x75,0xe2,0x5e,0xa5,0x2c,0xb3,0xe3,0x05,0x69,0x57,0x9b,0x32,0x99,0x00,0x02,0x88,0x73,0x0c,0x2f,0x97,0x02,0x7c,0xf3,0xe4,0x56,0x40,0xa9,0xca,0x8a,0xc6,0x14,0x9d,0x28,0xfd,0x7c,0x16,0x2e,0x65,0x21,0x64,0xab,0x0a,0x39,0x3a,0x49,0x14,0x65,0x4a,0xa4,0xa9,0xa6,0xa5,0x92,0xac,0xaa,0x95,0xa5,0x44,0x51,0x46,0xa0,0x00,0x03,0x7e,0x1c,0xcd,0xe2,0x52,0x73,0x03,0xf0,0xd8,0xa7,0xf4,0xdc,0x03,0x5f,0x26,0xe3},
        {0x15,0xab,0xb5,0xe8,0x16,0x4d,0x6b,0x50,0x2b,0xc9,0xc4,0x55,0x41,0x59,0xe8,0x3a,0x75,0xe2,0x5e,0xa5,0x2c,0xb3,0xe3,0x05,0x69,0x57,0x9b,0x32,0x99,0x00,0x02,0x88,0x73,0x0c,0x2f,0x97,0x02,0x7c,0xf3,0xe4,0x56,0x40,0xa9,0xca,0x8a,0xc6,0x14,0x9d,0x28,0xfd,0x7c,0x16,0x2e,0x65,0x21,0x64,0xab,0x0a,0x39,0x3a,0x49,0x14,0x65,0x4a,0xa4,0xa9,0xa6,0xa5,0x92,0xac,0xaa,0x95,0xa5,0x44,0x51,0x46,0xa0,0x00,0x03,0x7e,0x1c,0xcd,0xe2,0x52,0x73,0x03,0xf0,0xd8,0xa7,0xf4,0xdc,0x03,0x5f,0x26,0xe3},
    },
    {
        {0x00,0x00,0x00,0x00,0x00,0x00,0x00,0x00,0x00,0x00,0x00,0x00,0x00,0x00,0x00,0x00,0x00,0x00,0x00,0x00,0x00,0x00,0x00,0x00,0x00,0x00,0x00,0x00,0x00,0x00,0x00,0x00,0x00,0x00,0x00,0x00,0x00,0x00,0x00,0x00,0x00,0x00,0x00,0x00,0x00,0x00,0x00,0x00,0x00,0x00,0x00,0x00,0x00,0x00,0x00,0x00,0x00,0x00,0x00,0x00,0x00,0x00,0x00,0x00,0x00,0x00,0x00,0x00,0x00,0x00,0x00,0x00,0x00,0x00,0x00,0x00,0x00,0x00,0x00,0x00,0x00,0x00,0x00,0x00,0x00,0x00,0x70,0xe0,0x12,0x7c,0xa5,0x06,0x88,0x00,0x00},
        {0x00,0x00,0x00,0x00,0x00,0x00,0x00,0x00,0x00,0x00,0x00,0x00,0x00,0x00,0x00,0x00,0x00,0x00,0x00,0x00,0x00,0x00,0x00,0x00,0x00,0x00,0x00,0x00,0x00,0x00,0x00,0x00,0x00,0x00,0x00,0x00,0x00,0x00,0x00,0x00,0x00,0x00,0x00,0x00,0x00,0x00,0x00,0x00,0x00,0x00,0x00,0x00,0x00,0x00,0x00,0x00,0x00,0x00,0x00,0x00,0x00,0x00,0x00,0x00,0x00,0x00,0x00,0x00,0x00,0x00,0x00,0x00,0x00,0x00,0x00,0x00,0x00,0x00,0x00,0x00,0x00,0x00,0x00,0x00,0x00,0x00,0x70,0xe0,0x12,0x7c,0xa5,0x06,0x88,0x00,0x00},
    },
    {
        {0x00,0x00,0x00,0x00,0x00,0x00,0x00,0x00,0x00,0x00,0x00,0x00,0x00,0x00,0x00,0x00,0x00,0x00,0x00,0x00,0x00,0x00,0x00,0x00,0x00,0x00,0x00,0x00,0x00,0x00,0x00,0x00,0x00,0x00,0x00,0x00,0x00,0x00,0x00,0x00,0x00,0x00,0x00,0x00,0x00,0x00,0x00,0x00,0x00,0x00,0x00,0x00,0x00,0x00,0x00,0x00,0x00,0x00,0x00,0x00,0x00,0x00,0x00,0x00,0x00,0x00,0x00,0x00,0x00,0x00,0x00,0x00,0x00,0x00,0x00,0x00,0x00,0x00,0x00,0x00,0x00,0x00,0x00,0x00,0x00,0x00,0x00,0x1c,0x12,0x7c,0xa5,0x06,0x80,0x00,0x00},
        {0x00,0x00,0x00,0x00,0x00,0x00,0x00,0x00,0x00,0x00,0x00,0x00,0x00,0x00,0x00,0x00,0x00,0x00,0x00,0x00,0x00,0x00,0x00,0x00,0x00,0x00,0x00,0x00,0x00,0x00,0x00,0x00,0x00,0x00,0x00,0x00,0x00,0x00,0x00,0x00,0x00,0x00,0x00,0x00,0x00,0x00,0x00,0x00,0x00,0x00,0x00,0x00,0x00,0x00,0x00,0x00,0x00,0x00,0x00,0x00,0x00,0x00,0x00,0x00,0x00,0x00,0x00,0x00,0x00,0x00,0x00,0x00,0x00,0x00,0x00,0x00,0x00,0x00,0x00,0x00,0x00,0x00,0x00,0x00,0x00,0x00,0x00,0x1c,0x12,0x7c,0xa5,0x06,0x80,0x00,0x00},
    },
    {
        {0x00,0x00,0x00,0x00,0x00,0x00,0x00,0x00,0x00,0x00,0x00,0x00,0x00,0x00,0x00,0x00,0x00,0x00,0x00,0x00,0x00,0x00,0x00,0x00,0x00,0x00,0x00,0x00,0x00,0x00,0x00,0x00,0x00,0x00,0x00,0x00,0x00,0x00,0x00,0x00,0x00,0x00,0x00,0x00,0x00,0x00,0x00,0x00,0x00,0x00,0x00,0x00,0x00,0x00,0x00,0x00,0x00,0x00,0x00,0x00,0x00,0x00,0x00,0x00,0x00,0x00,0x00,0x00,0x00,0x00,0x00,0x00,0x00,0x00,0x00,0x00,0x00,0x00,0x00,0x00,0x00,0x00,0x00,0x00,0x00,0x00,0x00,0x1c,0x12,0x7c,0xa5,0x06,0x80,0x00,0x00},
        {0x00,0x00,0x00,0x00,0x00,0x00,0x00,0x00,0x00,0x00,0x00,0x00,0x00,0x00,0x00,0x00,0x00,0x00,0x00,0x00,0x00,0x00,0x00,0x00,0x00,0x00,0x00,0x00,0x00,0x00,0x00,0x00,0x00,0x00,0x00,0x00,0x00,0x00,0x00,0x00,0x00,0x00,0x00,0x00,0x00,0x00,0x00,0x00,0x00,0x00,0x00,0x00,0x00,0x00,0x00,0x00,0x00,0x00,0x00,0x00,0x00,0x00,0x00,0x00,0x00,0x00,0x00,0x00,0x00,0x00,0x00,0x00,0x00,0x00,0x00,0x00,0x00,0x00,0x00,0x00,0x00,0x00,0x00,0x00,0x00,0x00,0x00,0x1c,0x12,0x7c,0xa5,0x06,0x80,0x00,0x00},
    },
    {
        {0x00,0x00,0x00,0x00,0x00,0x00,0x00,0x00,0x00,0x00,0x00,0x00,0x00,0x00,0x00,0x00,0x00,0x00,0x00,0x00,0x00,0x00,0x00,0x00,0x00,0x00,0x00,0x00,0x00,0x00,0x00,0x00,0x00,0x00,0x00,0x00,0x00,0x00,0x00,0x00,0x00,0x00,0x00,0x00,0x00,0x00,0x00,0x00,0x00,0x00,0x00,0x00,0x00,0x00,0x00,0x00,0x00,0x00,0x00,0x00,0x00,0x00,0x00,0x00,0x00,0x00,0x00,0x00,0x00,0x00,0x00,0x00,0x00,0x00,0x00,0x00,0x00,0x00,0x00,0x00,0x00,0x00,0x00,0x00,0x00,0x00,0x00,0x1c,0x12,0x7c,0xa5,0x06,0x80,0x00,0x00},
        {0x00,0x00,0x00,0x00,0x00,0x00,0x00,0x00,0x00,0x00,0x00,0x00,0x00,0x00,0x00,0x00,0x00,0x00,0x00,0x00,0x00,0x00,0x00,0x00,0x00,0x00,0x00,0x00,0x00,0x00,0x00,0x00,0x00,0x00,0x00,0x00,0x00,0x00,0x00,0x00,0x00,0x00,0x00,0x00,0x00,0x00,0x00,0x00,0x00,0x00,0x00,0x00,0x00,0x00,0x00,0x00,0x00,0x00,0x00,0x00,0x00,0x00,0x00,0x00,0x00,0x00,0x00,0x00,0x00,0x00,0x00,0x00,0x00,0x00,0x00,0x00,0x00,0x00,0x00,0x00,0x00,0x00,0x00,0x00,0x00,0x00,0x00,0x1c,0x12,0x7c,0xa5,0x06,0x80,0x00,0x00},
    },
    {
        {0xff,0xce,0xc7,0x72,0xd8,0x35,0xa0,0xc8,0x7e,0xd5,0xfd,0x40,0xb1,0xf6,0x8c,0x54,0x51,0xfc,0x11,0xe2,0x90,0x24,0xbd,0x45,0xe6,0xd1,0xe7,0x11,0x7d,0x09,0x50,0x64,0xb9,0xf2,0xf4,0x17,0x29,0x72,0x98,0xd9,0xdd,0x55,0xfd,0x07,0xf8,0x5e,0x1b,0xc5,0x9b,0xbb,0xc0,0x6d,0x37,0x21,0x85,0xc1,0x90,0xd4,0xcb,0xad,0x3e,0xbf,0x12,0x38,0x5c,0x19,0x0d,0x55,0x2d,0x2c,0xd1,0x44,0xb2,0x3f,0x9c,0xc6,0x5c,0x76,0xcf,0x32,0xa4,0x6f,0xa6,0xcd,0x09,0x8c,0x76,0x94,0xa9,0x8e,0x94,0x03,0x51,0x3c,0xd1},
        {0xff,0xce,0xc7,0x72,0xd8,0x35,0xa0,0xc8,0x7e,0xd5,0xfd,0x40,0xb1,0xf6,0x8c,0x54,0x51,0xfc,0x11,0xe2,0x90,0x24,0xbd,0x45,0xe6,0xd1,0xe7,0x11,0x7d,0x09,0x50,0x64,0xb9,0xf2,0xf4,0x17,0x29,0x72,0x98,0xd9,0xdd,0x55,0xfd,0x07,0xf8,0x5e,0x1b,0xc5,0x9b,0xbb,0xc0,0x6d,0x37,0x21,0x85,0xc1,0x90,0xd4,0xcb,0xad,0x3e,0xbf,0x12,0x38,0x5c,0x19,0x0d,0x55,0x2d,0x2c,0xd1,0x44,0xb2,0x3f,0x9c,0xc6,0x5c,0x76,0xcf,0x32,0xa4,0x6f,0xa6,0xcd,0x09,0x8c,0x76,0x94,0xa9,0x8e,0x94,0x03,0x51,0x3c,0xd1},
    },
    {
        {0xff,0xed,0x21,0x82,0x50,0xb2,0x1b,0x1a,0xbc,0xc5,0xa8,0xa7,0xae,0xbd,0xd7,0xd2,0x6f,0x1b,0x24,0xbf,0x57,0x7f,0x48,0x2f,0x8a,0xa3,0x4b,0x2e,0x27,0xa4,0xc3,0x99,0xb4,0xc4,0x52,0xa8,0xac,0x5c,0x00,0xd6,0xec,0xaf,0xe0,0x41,0xbc,0x71,0xad,0x10,0x38,0x85,0x86,0x65,0xf2,0xfe,0x8f,0x0a,0x0e,0x6f,0x28,0xc1,0x26,0x3e,0x5f,0xd1,0xe9,0x55,0x55,0x68,0x5e,0xc8,0x89,0xab,0xcd,0x9f,0x47,0xf3,0xbf,0x81,0x20,0x31,0x50,0x4a,0x50,0xf7,0x00,0xe0,0xd0,0x10,0xac,0xa5,0xad,0x93,0x59,0x3e,0xed},
        {0xff,0xed,0x21,0x82,0x50,0xb2,0x1b,0x1a,0xbc,0xc5,0xa8,0xa7,0xae,0xbd,0xd7,0xd2,0x6f,0x1b,0x24,0xbf,0x57,0x7f,0x48,0x2f,0x8a,0xa3,0x4b,0x2e,0x27,0xa4,0xc3,0x99,0xb4,0xc4,0x52,0xa8,0xac,0x5c,0x00,0xd6,0xec,0xaf,0xe0,0x41,0xbc,0x71,0xad,0x10,0x38,0x85,0x86,0x65,0xf2,0xfe,0x8f,0x0a,0x0e,0x6f,0x28,0xc1,0x26,0x3e,0x5f,0xd1,0xe9,0x55,0x55,0x68,0x5e,0xc8,0x89,0xab,0xcd,0x9f,0x47,0xf3,0xbf,0x81,0x20,0x31,0x50,0x4a,0x50,0xf7,0x00,0xe0,0xd0,0x10,0xac,0xa5,0xad,0x93,0x59,0x3e,0xed},
    },
    {
        {0xff,0xef,0x5c,0x53,0x46,0x98,0x73,0xed,0x84,0xaf,0xd0,0xb0,0xb9,0x45,0xba,0xc1,0xbe,0x2d,0x2b,0x82,0xd8,0xe7,0x34,0xab,0xa1,0x31,0xf7,0xad,0x1d,0xff,0x29,0xc4,0x5a,0xfe,0xd7,0xf6,0xef,0xf3,0x19,0x0f,0xd8,0x2a,0xfc,0x2b,0x27,0xa1,0xdb,0xc4,0xb7,0x5e,0xd7,0x4d,0xc3,0x12,0x58,0x52,0x59,0xee,0x9b,0x87,0x69,0x48,0x6d,0xb7,0xdd,0x37,0x0e,0xda,0x50,0x98,0xe0,0x72,0x41,0xbf,0x0b,0x4d,0x91,0x35,0x8c,0xa7,0xec,0x4a,0x79,0xd0,0x07,0xa7,0x50,0x18,0xcc,0x1d,0x82,0x92,0x59,0x3c,0xec},
        {0xff,0xef,0x5c,0x53,0x46,0x98,0x73,0xed,0x84,0xaf,0xd0,0xb0,0xb9,0x45,0xba,0xc1,0xbe,0x2d,0x2b,0x82,0xd8,0xe7,0x34,0xab,0xa1,0x31,0xf7,0xad,0x1d,0xff,0x29,0xc4,0x5a,0xfe,0xd7,0xf6,0xef,0xf3,0x19,0x0f,0xd8,0x2a,0xfc,0x2b,0x27,0xa1,0xdb,0xc4,0xb7,0x5e,0xd7,0x4d,0xc3,0x12,0x58,0x52,0x59,0xee,0x9b,0x87,0x69,0x48,0x6d,0xb7,0xdd,0x37,0x0e,0xda,0x50,0x98,0xe0,0x72,0x41,0xbf,0x0b,0x4d,0x91,0x35,0x8c,0xa7,0xec,0x4a,0x79,0xd0,0x07,0xa7,0x50,0x18,0xcc,0x1d,0x82,0x92,0x59,0x3c,0xec},
    },
    {
        {0xff,0xf3,0x05,0xa6,0x56,0x9f,0x66,0x6a,0x1e,0x41,0x8a,0x72,0x59,0x2c,0x3c,0x4f,0xd4,0xca,0x46,0x94,0xa9,0x9e,0x1f,0xac,0x1c,0xce,0x8d,0x1d,0xd7,0x8e,0x27,0x10,0xa4,0x87,0xb8,0xd1,0x0f,0x8e,0x42,0x99,0x99,0xc1,0xac,0x11,0xc1,0xee,0xe6,0xc9,0xae,0x2c,0x32,0x4d,0xc1,0xdf,0x3f,0x46,0x2e,0xb4,0xc9,0xe4,0x8d,0xea,0x6e,0x2e,0xb4,0x49,0xe6,0x08,0x10,0xb4,0x76,0x70,0xe9,0x0a,0xb1,0x96,0xca,0xa7,0x89,0x1e,0xb6,0x8e,0x49,0x87,0xa1,0x94,0x50,0x18,0xce,0xad,0x84,0x92,0xf9,0x38,0xed},
        {0xff,0xf3,0x05,0xa6,0x56,0x9f,0x66,0x6a,0x1e,0x41,0x8a,0x72,0x59,0x2c,0x3c,0x4f,0xd4,0xca,0x46,0x94,0xa9,0x9e,0x1f,0xac,0x1c,0xce,0x8d,0x1d,0xd7,0x8e,0x27,0x10,0xa4,0x87,0xb8,0xd1,0x0f,0x8e,0x42,0x99,0x99,0xc1,0xac,0x11,0xc1,0xee,0xe6,0xc9,0xae,0x2c,0x32,0x4d,0xc1,0xdf,0x3f,0x46,0x2e,0xb4,0xc9,0xe4,0x8d,0xea,0x6e,0x2e,0xb4,0x49,0xe6,0x08,0x10,0xb4,0x76,0x70,0xe9,0x0a,0xb1,0x96,0xca,0xa7,0x89,0x1e,0xb6,0x8e,0x49,0x87,0xa1,0x94,0x50,0x18,0xce,0xad,0x84,0x92,0xf9,0x38,0xed},
    },
    {
        {0xff,0xe5,0x64,0x15,0x2e,0x42,0x61,0xec,0x03,0x02,0x5a,0xaf,0x96,0xee,0x9b,0x37,0x1a,0x93,0x67,0xf4,0xa8,0x48,0xb5,0x2b,0x8b,0x32,0xdc,0x46,0xd3,0xa1,0x5b,0x67,0xd3,0xdc,0xe5,0x52,0x5d,0xbc,0x24,0x7c,0xa5,0xbd,0x07,0xc2,0xdd,0xa1,0xc3,0x59,0x0f,0xe4,0x02,0x9c,0x5f,0xa7,0xfb,0x4f,0x0c,0xf1,0xc5,0xfa,0x7e,0x31,0x5e,0x34,0x9c,0x5f,0xa7,0xf4,0x84,0x01,0x06,0x8c,0x0f,0xe3,0x48,0x1d,0x48,0xa5,0xa8,0xf4,0xd5,0xa2,0xb6,0x09,0xed,0x0e,0x50,0x1a,0xa1,0x86,0x9f,0x93,0xd9,0x3e,0xee},
        {0xff,0xe5,0x64,0x15,0x2e,0x42,0x61,0xec,0x03,0x02,0x5a,0xaf,0x96,0xee,0x9b,0x37,0x1a,0x93,0x67,0xf4,0xa8,0x48,0xb5,0x2b,0x8b,0x32,0xdc,0x46,0xd3,0xa1,0x5b,0x67,0xd3,0xdc,0xe5,0x52,0x5d,0xbc,0x24,0x7c,0xa5,0xbd,0x07,0xc2,0xdd,0xa1,0xc3,0x59,0x0f,0xe4,0x02,0x9c,0x5f,0xa7,0xfb,0x4f,0x0c,0xf1,0xc5,0xfa,0x7e,0x31,0x5e,0x34,0x9c,0x5f,0xa7,0xf4,0x84,0x01,0x06,0x8c,0x0f,0xe3,0x48,0x1d,0x48,0xa5,0xa8,0xf4,0xd5,0xa2,0xb6,0x09,0xed,0x0e,0x50,0x1a,0xa1,0x86,0x9f,0x93,0xd9,0x3e,0xee},
    },
    {
        {0xff,0xe3,0x0e,0xf5,0x8d,0x5a,0x87,0xef,0xe4,0xa5,0xf6,0x33,0x54,0xde,0x42,0x67,0x68,0x12,0x21,0x3b,0x36,0xc7,0x5a,0xf8,0x81,0x69,0xc1,0x4d,0x1c,0x37,0xa1,0xb9,0x5d,0xa2,0x13,0x03,0xe5,0xe0,0xc8,0x3e,0xa8,0xbe,0xa6,0xce,0x80,0x91,0x3b,0x8f,0xaf,0x57,0x27,0x4f,0x40,0x85,0xa4,0xe7,0xd0,0x6f,0x07,0x4d,0xa6,0x67,0xa0,0x9f,0xa2,0x2d,0xa6,0x67,0xd0,0x95,0x05,0x6c,0x2f,0x98,0x68,0x83,0x82,0xd6,0xc7,0x87,0x9e,0x08,0xb7,0xa6,0x28,0x7b,0xd0,0x1b,0x32,0xff,0xff,0x93,0xd9,0x3e,0xef},
        {0xff,0xe3,0x0e,0xf5,0x8d,0x5a,0x87,0xef,0xe4,0xa5,0xf6,0x33,0x54,0xde,0x42,0x67,0x68,0x12,0x21,0x3b,0x36,0xc7,0x5a,0xf8,0x81,0x69,0xc1,0x4d,0x1c,0x37,0xa1,0xb9,0x5d,0xa2,0x13,0x03,0xe5,0xe0,0xc8,0x3e,0xa8,0xbe,0xa6,0xce,0x80,0x91,0x3b,0x8f,0xaf,0x57,0x27,0x4f,0x40,0x85,0xa4,0xe7,0xd0,0x6f,0x07,0x4d,0xa6,0x67,0xa0,0x9f,0xa2,0x2d,0xa6,0x67,0xd0,0x95,0x05,0x6c,0x2f,0x98,0x68,0x83,0x82,0xd6,0xc7,0x87,0x9e,0x08,0xb7,0xa6,0x28,0x7b,0xd0,0x1b,0x32,0xff,0xff,0x93,0xd9,0x3e,0xef},
    },
    {
        {0xff,0xe6,0x2f,0x88,0x0d,0xfc,0xc7,0x4c,0x84,0xfd,0x66,0x0d,0x11,0x4c,0x64,0x87,0x77,0x49,0xe4,0x86,0x77,0x78,0xbd,0xc1,0xfb,0x9e,0x75,0x42,0x2f,0x07,0x1d,0xac,0x3b,0xa6,0x48,0x34,0x96,0xa0,0x96,0x06,0x06,0xbc,0xbe,0x17,0xb1,0xb5,0x54,0xd7,0xbc,0x7d,0xce,0x82,0xc1,0x50,0xf6,0x67,0xe9,0x6e,0x59,0x2a,0x5e,0xd0,0xcb,0x30,0x8b,0x25,0x4b,0xdd,0xa8,0x65,0x0e,0x02,0x10,0xd6,0x13,0x34,0x3a,0x31,0xfa,0x14,0xd8,0x7a,0x3a,0x43,0x98,0xfd,0xd0,0x18,0xb4,0xfb,0xc9,0x93,0x59,0x3e,0xe8},
        {0xff,0xe6,0x2f,0x88,0x0d,0xfc,0xc7,0x4c,0x84,0xfd,0x66,0x0d,0x11,0x4c,0x64,0x87,0x77,0x49,0xe4,0x86,0x77,0x78,0xbd,0xc1,0xfb,0x9e,0x75,0x42,0x2f,0x07,0x1d,0xac,0x3b,0xa6,0x48,0x34,0x96,0xa0,0x96,0x06,0x06,0xbc,0xbe,0x17,0xb1,0xb5,0x54,0xd7,0xbc,0x7d,0xce,0x82,0xc1,0x50,0xf6,0x67,0xe9,0x6e,0x59,0x2a,0x5e,0xd0,0xcb,0x30,0x8b,0x25,0x4b,0xdd,0xa8,0x65,0x0e,0x02,0x10,0xd6,0x13,0x34,0x3a,0x31,0xfa,0x14,0xd8,0x7a,0x3a,0x43,0x98,0xfd,0xd0,0x18,0xb4,0xfb,0xc9,0x93,0x59,0x3e,0xe8},
    },
    {
        {0xff,0xef,0xff,0xb9,0x16,0x1b,0xba,0x9e,0x3c,0x03,0xae,0x24,0x57,0x8f,0xf2,0xfe,0x31,0x08,0xad,0x60,0xee,0x75,0xf2,0x2b,0x9d,0x0c,0xc6,0x24,0x84,0x4e,0xaa,0x9e,0xb6,0x73,0xb1,0x67,0x5a,0xb2,0x13,0xea,0x8a,0x9b,0x18,0x97,0x47,0xfb,0x2e,0xc8,0x10,0xd2,0x68,0x1e,0x6d,0x22,0x6c,0xce,0x2b,0xc3,0x54,0x0d,0x4e,0xcd,0xa4,0x4d,0x99,0xc5,0x78,0x2e,0x89,0x34,0x69,0xa1,0x10,0x1e,0x68,0x50,0x5a,0xfd,0xc0,0xa6,0x7a,0x15,0x1b,0xd3,0xfa,0xbb,0x50,0x18,0xab,0x61,0xdd,0x93,0x59,0x38,0xe8},
        {0xff,0xef,0xff,0xb9,0x16,0x1b,0xba,0x9e,0x3c,0x03,0xae,0x24,0x57,0x8f,0xf2,0xfe,0x31,0x08,0xad,0x60,0xee,0x75,0xf2,0x2b,0x9d,0x0c,0xc6,0x24,0x84,0x4e,0xaa,0x9e,0xb6,0x73,0xb1,0x67,0x5a,0xb2,0x13,0xea,0x8a,0x9b,0x18,0x97,0x47,0xfb,0x2e,0xc8,0x10,0xd2,0x68,0x1e,0x6d,0x22,0x6c,0xce,0x2b,0xc3,0x54,0x0d,0x4e,0xcd,0xa4,0x4d,0x99,0xc5,0x78,0x2e,0x89,0x34,0x69,0xa1,0x10,0x1e,0x68,0x50,0x5a,0xfd,0xc0,0xa6,0x7a,0x15,0x1b,0xd3,0xfa,0xbb,0x50,0x18,0xab,0x61,0xdd,0x93,0x59,0x38,0xe8},
    },
    {
        {0xff,0xf2,0x90,0xc0,0xcc,0x70,0x75,0x04,0xc6,0xe5,0xe3,0x7d,0xa3,0xb1,0x8d,0x89,0x52,0x1c,0x0f,0xfd,0x67,0x96,0x8c,0x41,0xde,0x28,0x93,0xc5,0x70,0xaa,0xd7,0xbd,0xdb,0xd1,0x7b,0x22,0xd1,0x49,0x29,0xc7,0xc1,0xe6,0x57,0x24,0x94,0x94,0x2a,0x5c,0xd5,0xc8,0x91,0x06,0x01,0xb4,0x7a,0xba,0x55,0xd7,0xc0,0x41,0xd5,0x06,0xd1,0xea,0xe9,0x57,0x5a,0xea,0xae,0x2f,0xa4,0xa3,0xc0,0xb6,0xf2,0xb8,0x99,0xfc,0x30,0x50,0x9d,0x0c,0x99,0xb1,0xe2,0x08,0x40,0x18,0xcc,0x1d,0x82,0x12,0x59,0x38,0xef},
        {0xff,0xf2,0x90,0xc0,0xcc,0x70,0x75,0x04,0xc6,0xe5,0xe3,0x7d,0xa3,0xb1,0x8d,0x89,0x52,0x1c,0x0f,0xfd,0x67,0x96,0x8c,0x41,0xde,0x28,0x93,0xc5,0x70,0xaa,0xd7,0xbd,0xdb,0xd1,0x7b,0x22,0xd1,0x49,0x29,0xc7,0xc1,0xe6,0x57,0x24,0x94,0x94,0x2a,0x5c,0xd5,0xc8,0x91,0x06,0x01,0xb4,0x7a,0xba,0x55,0xd7,0xc0,0x41,0xd5,0x06,0xd1,0xea,0xe9,0x57,0x5a,0xea,0xae,0x2f,0xa4,0xa3,0xc0,0xb6,0xf2,0xb8,0x99,0xfc,0x30,0x50,0x9d,0x0c,0x99,0xb1,0xe2,0x08,0x40,0x18,0xcc,0x1d,0x82,0x12,0x59,0x38,0xef},
    },
    {
        {0xff,0xf3,0x05,0x8a,0xc6,0x86,0x40,0x59,0xad,0xb4,0xde,0xe5,0x2c,0x82,0xb0,0xb3,0x94,0x85,0xfc,0xcd,0xd7,0x57,0xfd,0x2f,0xaa,0x70,0xfd,0x9b,0xc6,0xa5,0x90,0xa9,0x42,0xf2,0x0f,0xb3,0x52,0x9a,0x35,0xcc,0x71,0x41,0x09,0xda,0x6f,0x0b,0x57,0x34,0x5a,0xc4,0xe0,0x99,0xa8,0xdc,0xb3,0xc6,0x91,0x3d,0x26,0xf3,0x73,0xd7,0x81,0xa4,0x4f,0x49,0xba,0xa6,0x1e,0x8f,0x88,0x28,0xc9,0x2f,0x06,0x97,0x22,0xc3,0x34,0x55,0xad,0x93,0x44,0x1a,0xe6,0xd4,0xc0,0x18,0xce,0xad,0x84,0x92,0xf9,0x38,0xc3},
        {0xff,0xf3,0x05,0x8a,0xc6,0x86,0x40,0x59,0xad,0xb4,0xde,0xe5,0x2c,0x82,0xb0,0xb3,0x94,0x85,0xfc,0xcd,0xd7,0x57,0xfd,0x2f,0xaa,0x70,0xfd,0x9b,0xc6,0xa5,0x90,0xa9,0x42,0xf2,0x0f,0xb3,0x52,0x9a,0x35,0xcc,0x71,0x41,0x09,0xda,0x6f,0x0b,0x57,0x34,0x5a,0xc4,0xe0,0x99,0xa8,0xdc,0xb3,0xc6,0x91,0x3d,0x26,0xf3,0x73,0xd7,0x81,0xa4,0x4f,0x49,0xba,0xa6,0x1e,0x8f,0x88,0x28,0xc9,0x2f,0x06,0x97,0x22,0xc3,0x34,0x55,0xad,0x93,0x44,0x1a,0xe6,0xd4,0xc0,0x18,0xce,0xad,0x84,0x92,0xf9,0x38,0xc3},
    },
    {
        {0xff,0xec,0x1a,0x1e,0x41,0x0d,0xca,0xae,0x65,0x7a,0xf2,0x0e,0xad,0x09,0x4e,0x97,0x6d,0xbc,0x7a,0x26,0xe4,0x8b,0x01,0x15,0x97,0xc3,0x14,0x11,0xe3,0xa7,0xee,0xe5,0xa8,0xc8,0xaf,0x6c,0xb9,0x35,0x7b,0xa7,0xd9,0xe4,0xa1,0xb1,0xab,0xb2,0x4e,0x39,0x44,0x4c,0xd8,0xc2,0xe9,0x19,0x61,0x66,0xb6,0x4c,0x65,0x78,0x98,0x55,0xb9,0x53,0x36,0x32,0xbc,0x43,0x1b,0x64,0x1e,0x06,0x8e,0x8e,0xb1,0xf0,0xa3,0xab,0x0d,0xca,0x10,0x00,0x49,0xed,0x13,0x84,0xd0,0x1a,0xa1,0x86,0x9f,0x93,0xd9,0x3c,0xec},
        {0xff,0xec,0x1a,0x1e,0x41,0x0d,0xca,0xae,0x65,0x7a,0xf2,0x0e,0xad,0x09,0x4e,0x97,0x6d,0xbc,0x7a,0x26,0xe4,0x8b,0x01,0x15,0x97,0xc3,0x14,0x11,0xe3,0xa7,0xee,0xe5,0xa8,0xc8,0xaf,0x6c,0xb9,0x35,0x7b,0xa7,0xd9,0xe4,0xa1,0xb1,0xab,0xb2,0x4e,0x39,0x44,0x4c,0xd8,0xc2,0xe9,0x19,0x61,0x66,0xb6,0x4c,0x65,0x78,0x98,0x55,0xb9,0x53,0x36,0x32,0xbc,0x43,0x1b,0x64,0x1e,0x06,0x8e,0x8e,0xb1,0xf0,0xa3,0xab,0x0d,0xca,0x10,0x00,0x49,0xed,0x13,0x84,0xd0,0x1a,0xa1,0x86,0x9f,0x93,0xd9,0x3c,0xec},
    },
    {
        {0xff,0xe3,0x0e,0xf5,0x8d,0x12,0xeb,0x6d,0x00,0x46,0x4b,0xda,0x8c,0xf1,0xe2,0x59,0x92,0x2c,0x6b,0x5a,0xbc,0x55,0x84,0x52,0xa3,0xf1,0xf2,0xc8,0x8f,0xe7,0x46,0xac,0x76,0x65,0x81,0xfd,0xab,0x6c,0xe7,0x46,0x8b,0xc9,0x56,0xbf,0x5f,0x5b,0x65,0x45,0xad,0x17,0xc7,0x1c,0x20,0x82,0xea,0xa2,0xd6,0x0b,0xf3,0xbe,0xeb,0x89,0x75,0x51,0x6b,0x05,0xf9,0xcb,0x1e,0x49,0xcf,0x68,0x12,0xf0,0x4e,0xb5,0xb8,0x1d,0xa8,0x6e,0xfc,0x5c,0xe9,0xa9,0xd4,0x3f,0x50,0x1b,0x32,0xff,0xff,0x93,0xd9,0x3c,0xee},
        {0xff,0xe3,0x0e,0xf5,0x8d,0x12,0xeb,0x6d,0x00,0x46,0x4b,0xda,0x8c,0xf1,0xe2,0x59,0x92,0x2c,0x6b,0x5a,0xbc,0x55,0x84,0x52,0xa3,0xf1,0xf2,0xc8,0x8f,0xe7,0x46,0xac,0x76,0x65,0x81,0xfd,0xab,0x6c,0xe7,0x46,0x8b,0xc9,0x56,0xbf,0x5f,0x5b,0x65,0x45,0xad,0x17,0xc7,0x1c,0x20,0x82,0xea,0xa2,0xd6,0x0b,0xf3,0xbe,0xeb,0x89,0x75,0x51,0x6b,0x05,0xf9,0xcb,0x1e,0x49,0xcf,0x68,0x12,0xf0,0x4e,0xb5,0xb8,0x1d,0xa8,0x6e,0xfc,0x5c,0xe9,0xa9,0xd4,0x3f,0x50,0x1b,0x32,0xff,0xff,0x93,0xd9,0x3c,0xee},
    },
    {
        {0xff,0xe3,0x0f,0x37,0x4f,0x42,0xc7,0xa7,0x43,0x74,0xd2,0xec,0x19,0xef,0xca,0x55,0x8b,0x5a,0x26,0xfd,0x16,0xe3,0x6a,0xb4,0x59,0x8d,0x6c,0x6d,0x47,0x76,0xa8,0xb9,0x72,0x75,0xd5,0x49,0x42,0x69,0xd5,0x72,0x5d,0xdc,0x2b,0x9c,0xfb,0xdd,0x6d,0x16,0x6d,0x05,0xed,0x19,0xb0,0xb9,0x7c,0x8b,0x36,0x82,0xf6,0x8a,0x82,0xfd,0x7e,0x45,0x9b,0x41,0x7b,0x2b,0x1e,0x52,0xe6,0x20,0x3f,0x14,0xfd,0xef,0x9a,0xc3,0x8f,0xb7,0xc1,0x8d,0xc2,0xd6,0x07,0x7c,0xd0,0x18,0xb4,0xfb,0xc9,0x93,0x59,0x3c,0xe9},
        {0xff,0xe3,0x0f,0x37,0x4f,0x42,0xc7,0xa7,0x43,0x74,0xd2,0xec,0x19,0xef,0xca,0x55,0x8b,0x5a,0x26,0xfd,0x16,0xe3,0x6a,0xb4,0x59,0x8d,0x6c,0x6d,0x47,0x76,0xa8,0xb9,0x72,0x75,0xd5,0x49,0x42,0x69,0xd5,0x72,0x5d,0xdc,0x2b,0x9c,0xfb,0xdd,0x6d,0x16,0x6d,0x05,0xed,0x19,0xb0,0xb9,0x7c,0x8b,0x36,0x82,0xf6,0x8a,0x82,0xfd,0x7e,0x45,0x9b,0x41,0x7b,0x2b,0x1e,0x52,0xe6,0x20,0x3f,0x14,0xfd,0xef,0x9a,0xc3,0x8f,0xb7,0xc1,0x8d,0xc2,0xd6,0x07,0x7c,0xd0,0x18,0xb4,0xfb,0xc9,0x93,0x59,0x3c,0xe9},
    },
    {
        {0xff,0xed,0x8e,0x62,0x09,0xcd,0x75,0x04,0x70,0x47,0xcd,0xd9,0x68,0x93,0x20,0x7b,0x2f,0xe9,0x00,0x25,0x45,0x84,0x01,0x27,0xdb,0x0b,0x6e,0xdf,0xea,0x92,0xcc,0x90,0xb8,0x4a,0x0d,0x64,0x12,0x46,0xba,0x41,0x3b,0xd2,0xe9,0xdb,0xe8,0xe6,0x7b,0xb7,0x51,0x08,0xb5,0x52,0x70,0xbc,0x22,0x04,0xc7,0x6e,0xa6,0xe0,0x7e,0xa5,0x9b,0x4a,0xdd,0x4d,0xc0,0xf4,0x8a,0x64,0xfb,0xde,0xe7,0x73,0xef,0x7e,0xd8,0xb4,0x06,0x8c,0xe5,0xfe,0x23,0xc6,0x26,0x8f,0xd0,0x18,0xab,0x61,0xdd,0x93,0x59,0x3a,0xef},
        {0xff,0xed,0x8e,0x62,0x09,0xcd,0x75,0x04,0x70,0x47,0xcd,0xd9,0x68,0x93,0x20,0x7b,0x2f,0xe9,0x00,0x25,0x45,0x84,0x01,0x27,0xdb,0x0b,0x6e,0xdf,0xea,0x92,0xcc,0x90,0xb8,0x4a,0x0d,0x64,0x12,0x46,0xba,0x41,0x3b,0xd2,0xe9,0xdb,0xe8,0xe6,0x7b,0xb7,0x51,0x08,0xb5,0x52,0x70,0xbc,0x22,0x04,0xc7,0x6e,0xa6,0xe0,0x7e,0xa5,0x9b,0x4a,0xdd,0x4d,0xc0,0xf4,0x8a,0x64,0xfb,0xde,0xe7,0x73,0xef,0x7e,0xd8,0xb4,0x06,0x8c,0xe5,0xfe,0x23,0xc6,0x26,0x8f,0xd0,0x18,0xab,0x61,0xdd,0x93,0x59,0x3a,0xef},
    },
    {
        {0xff,0xed,0x21,0x82,0x50,0xd3,0x66,0xaa,0x8e,0x60,0x4f,0xe7,0xd0,0x39,0x8f,0x08,0xc4,0xfb,0xfa,0x4c,0xee,0xf4,0x99,0x9e,0x10,0x3b,0xe5,0x2a,0x13,0x18,0x8c,0xfb,0x6d,0x49,0xf9,0xd8,0x69,0xae,0x7f,0x8a,0x2f,0x19,0xd5,0xe3,0x7c,0xb1,0x11,0x19,0x47,0x3c,0x5c,0xda,0x29,0x2f,0xcc,0x37,0x8c,0x1d,0x46,0xdf,0x70,0xde,0x15,0x46,0x3f,0x7d,0xc3,0x7d,0x0c,0x1c,0x01,0x4d,0x4f,0x3d,0xb1,0xf3,0xde,0x39,0xb4,0xfb,0x10,0xbe,0x28,0x0e,0xc4,0x54,0xd0,0x18,0xce,0x8f,0xc4,0x92,0x59,0x3c,0xed},
        {0xff,0xed,0x21,0x82,0x50,0xd3,0x66,0xaa,0x8e,0x60,0x4f,0xe7,0xd0,0x39,0x8f,0x08,0xc4,0xfb,0xfa,0x4c,0xee,0xf4,0x99,0x9e,0x10,0x3b,0xe5,0x2a,0x13,0x18,0x8c,0xfb,0x6d,0x49,0xf9,0xd8,0x69,0xae,0x7f,0x8a,0x2f,0x19,0xd5,0xe3,0x7c,0xb1,0x11,0x19,0x47,0x3c,0x5c,0xda,0x29,0x2f,0xcc,0x37,0x8c,0x1d,0x46,0xdf,0x70,0xde,0x15,0x46,0x3f,0x7d,0xc3,0x7d,0x0c,0x1c,0x01,0x4d,0x4f,0x3d,0xb1,0xf3,0xde,0x39,0xb4,0xfb,0x10,0xbe,0x28,0x0e,0xc4,0x54,0xd0,0x18,0xce,0x8f,0xc4,0x92,0x59,0x3c,0xed},
    },
    {
        {0xff,0xf2,0x22,0x4f,0xf0,0x3a,0x6d,0x2a,0xdf,0x9e,0xe4,0xdf,0x5b,0xea,0xea,0xce,0x9c,0xd5,0x25,0xb4,0xf4,0xbc,0x09,0x10,0xfe,0x62,0x55,0xbc,0xf3,0xa4,0x2e,0xc4,0x87,0x02,0x40,0x88,0x91,0x38,0x16,0xa6,0x44,0x41,0xe9,0xa2,0x54,0x51,0xec,0x9e,0xb0,0x2f,0xdd,0x93,0xbf,0xe3,0x7a,0x37,0xac,0x59,0xf6,0xa4,0x61,0x11,0xde,0x8d,0xeb,0x16,0x7d,0xc6,0x06,0x16,0x02,0x52,0x4f,0xc0,0xa8,0x9a,0x48,0x7d,0x6e,0xd6,0xf0,0x28,0x59,0xd6,0x82,0xfb,0x50,0x18,0x9c,0x91,0x91,0x93,0xd9,0x3a,0xed},
        {0xff,0xf2,0x22,0x4f,0xf0,0x3a,0x6d,0x2a,0xdf,0x9e,0xe4,0xdf,0x5b,0xea,0xea,0xce,0x9c,0xd5,0x25,0xb4,0xf4,0xbc,0x09,0x10,0xfe,0x62,0x55,0xbc,0xf3,0xa4,0x2e,0xc4,0x87,0x02,0x40,0x88,0x91,0x38,0x16,0xa6,0x44,0x41,0xe9,0xa2,0x54,0x51,0xec,0x9e,0xb0,0x2f,0xdd,0x93,0xbf,0xe3,0x7a,0x37,0xac,0x59,0xf6,0xa4,0x61,0x11,0xde,0x8d,0xeb,0x16,0x7d,0xc6,0x06,0x16,0x02,0x52,0x4f,0xc0,0xa8,0x9a,0x48,0x7d,0x6e,0xd6,0xf0,0x28,0x59,0xd6,0x82,0xfb,0x50,0x18,0x9c,0x91,0x91,0x93,0xd9,0x3a,0xed},
    },
    {
        {0xff,0xef,0x5c,0x48,0xcb,0x12,0xa3,0x51,0x00,0x41,0x39,0x19,0x2f,0x13,0xde,0x78,0x8f,0xdf,0xe6,0x93,0x6f,0x55,0x0f,0x5c,0x4f,0x1e,0xfa,0x8f,0xc6,0x5e,0xa7,0x07,0x18,0xa0,0x09,0x83,0x17,0x3c,0x9b,0x48,0x5a,0x81,0x17,0xb0,0xb3,0x5d,0x07,0x9e,0x77,0x23,0x94,0x7a,0xa7,0x84,0xa0,0x17,0xcf,0xac,0x75,0xdd,0xd5,0x60,0x94,0x02,0xf9,0xf5,0x8e,0xc4,0x38,0xa6,0x3d,0x70,0x9d,0x94,0xd1,0x9d,0xe0,0x86,0x10,0xcc,0x1e,0x7c,0x07,0x17,0xcf,0xb7,0xd0,0x1a,0x9a,0xf7,0xa9,0x93,0xd9,0x3a,0xec},
        {0xff,0xef,0x5c,0x48,0xcb,0x12,0xa3,0x51,0x00,0x41,0x39,0x19,0x2f,0x13,0xde,0x78,0x8f,0xdf,0xe6,0x93,0x6f,0x55,0x0f,0x5c,0x4f,0x1e,0xfa,0x8f,0xc6,0x5e,0xa7,0x07,0x18,0xa0,0x09,0x83,0x17,0x3c,0x9b,0x48,0x5a,0x81,0x17,0xb0,0xb3,0x5d,0x07,0x9e,0x77,0x23,0x94,0x7a,0xa7,0x84,0xa0,0x17,0xcf,0xac,0x75,0xdd,0xd5,0x60,0x94,0x02,0xf9,0xf5,0x8e,0xc4,0x38,0xa6,0x3d,0x70,0x9d,0x94,0xd1,0x9d,0xe0,0x86,0x10,0xcc,0x1e,0x7c,0x07,0x17,0xcf,0xb7,0xd0,0x1a,0x9a,0xf7,0xa9,0x93,0xd9,0x3a,0xec},
    },
    {
        {0xff,0xe2,0x02,0x1e,0x8d,0x50,0x4e,0xc8,0x90,0x75,0xba,0x4b,0x00,0x12,0xe0,0xb2,0x0f,0x68,0x7d,0x23,0x68,0x36,0xaf,0x7c,0x69,0x3d,0x2b,0x25,0x34,0x6f,0x89,0x7b,0xa0,0xf4,0x25,0xba,0x29,0x84,0x93,0x47,0xf9,0x0e,0x49,0xdd,0xa3,0x2c,0xd1,0x0a,0xe1,0x03,0xbc,0x91,0x3e,0xf2,0x03,0x26,0xf8,0xf2,0x65,0x26,0x06,0x4d,0x31,0x08,0x2f,0x8c,0x0c,0x9b,0x58,0x0a,0xe7,0xb3,0x26,0xa7,0x78,0x51,0xf0,0x91,0x9b,0xa5,0xaf,0xfc,0x8e,0x13,0x0d,0xb9,0xd0,0x1b,0x32,0xff,0xff,0x93,0xd9,0x40,0xec},
        {0xff,0xe2,0x02,0x1e,0x8d,0x50,0x4e,0xc8,0x90,0x75,0xba,0x4b,0x00,0x12,0xe0,0xb2,0x0f,0x68,0x7d,0x23,0x68,0x36,0xaf,0x7c,0x69,0x3d,0x2b,0x25,0x34,0x6f,0x89,0x7b,0xa0,0xf4,0x25,0xba,0x29,0x84,0x93,0x47,0xf9,0x0e,0x49,0xdd,0xa3,0x2c,0xd1,0x0a,0xe1,0x03,0xbc,0x91,0x3e,0xf2,0x03,0x26,0xf8,0xf2,0x65,0x26,0x06,0x4d,0x31,0x08,0x2f,0x8c,0x0c,0x9b,0x58,0x0a,0xe7,0xb3,0x26,0xa7,0x78,0x51,0xf0,0x91,0x9b,0xa5,0xaf,0xfc,0x8e,0x13,0x0d,0xb9,0xd0,0x1b,0x32,0xff,0xff,0x93,0xd9,0x40,0xec},
    },
    {
        {0xff,0xe3,0x0f,0x33,0x9c,0x60,0x14,0x70,0x2f,0x82,0x35,0xfa,0xb1,0xc2,0x54,0x6e,0x29,0xf7,0xec,0xd3,0x3f,0x1b,0x57,0x30,0x42,0x00,0x73,0x82,0xad,0x1c,0x0e,0x43,0xde,0x63,0xe4,0xe2,0xb9,0x2f,0xc3,0x54,0x47,0xbe,0xf5,0x23,0xc5,0xb7,0x11,0x83,0x9a,0x1a,0x79,0x28,0x82,0xb4,0xd2,0xfc,0x94,0xc8,0xb5,0xf8,0x66,0x4a,0x65,0x6e,0xfc,0x4f,0x25,0x35,0x0c,0x3f,0x0b,0xb0,0x32,0x00,0x44,0x7f,0x81,0xd1,0x5e,0xa2,0xd7,0x1f,0xdd,0xdd,0xfc,0x08,0x50,0x18,0xb4,0xfb,0xc9,0x93,0x59,0x40,0xeb},
        {0xff,0xe3,0x0f,0x33,0x9c,0x60,0x14,0x70,0x2f,0x82,0x35,0xfa,0xb1,0xc2,0x54,0x6e,0x29,0xf7,0xec,0xd3,0x3f,0x1b,0x57,0x30,0x42,0x00,0x73,0x82,0xad,0x1c,0x0e,0x43,0xde,0x63,0xe4,0xe2,0xb9,0x2f,0xc3,0x54,0x47,0xbe,0xf5,0x23,0xc5,0xb7,0x11,0x83,0x9a,0x1a,0x79,0x28,0x82,0xb4,0xd2,0xfc,0x94,0xc8,0xb5,0xf8,0x66,0x4a,0x65,0x6e,0xfc,0x4f,0x25,0x35,0x0c,0x3f,0x0b,0xb0,0x32,0x00,0x44,0x7f,0x81,0xd1,0x5e,0xa2,0xd7,0x1f,0xdd,0xdd,0xfc,0x08,0x50,0x18,0xb4,0xfb,0xc9,0x93,0x59,0x40,0xeb},
    },
    {
        {0xff,0xa5,0x30,0x89,0xd4,0x03,0xcb,0xdb,0xd3,0xed,0x33,0x39,0x4c,0xb4,0x88,0x99,0xd3,0x72,0x2d,0x40,0x2f,0x2a,0x1d,0x4f,0x26,0x12,0x71,0xf2,0xef,0x0e,0x49,0x00,0xdf,0x72,0xdd,0xc1,0x69,0x41,0x52,0xab,0x1b,0x91,0xba,0x6f,0x9f,0xb6,0xf9,0xbb,0x8d,0x32,0xbc,0xc7,0x3b,0xe5,0x16,0xfd,0xce,0xd5,0x24,0x42,0xbe,0x9f,0xe4,0x7e,0xe3,0x6a,0xaa,0xaa,0x44,0x6e,0x12,0xc9,0xa4,0x63,0xeb,0x99,0x34,0xc2,0x33,0x72,0xa3,0x67,0xec,0xcd,0x62,0x69,0x50,0x18,0xcc,0x1d,0x82,0x92,0x59,0x3e,0xe7},
        {0xff,0xa5,0x30,0x89,0xd4,0x03,0xcb,0xdb,0xd3,0xed,0x33,0x39,0x4c,0xb4,0x88,0x99,0xd3,0x72,0x2d,0x40,0x2f,0x2a,0x1d,0x4f,0x26,0x12,0x71,0xf2,0xef,0x0e,0x49,0x00,0xdf,0x72,0xdd,0xc1,0x69,0x41,0x52,0xab,0x1b,0x91,0xba,0x6f,0x9f,0xb6,0xf9,0xbb,0x8d,0x32,0xbc,0xc7,0x3b,0xe5,0x16,0xfd,0xce,0xd5,0x24,0x42,0xbe,0x9f,0xe4,0x7e,0xe3,0x6a,0xaa,0xaa,0x44,0x6e,0x12,0xc9,0xa4,0x63,0xeb,0x99,0x34,0xc2,0x33,0x72,0xa3,0x67,0xec,0xcd,0x62,0x69,0x50,0x18,0xcc,0x1d,0x82,0x92,0x59,0x3e,0xe7},
    },
    {
        {0x16,0x1a,0xc6,0xcd,0xf2,0x38,0xc0,0x98,0xd0,0xae,0xc2,0x28,0x6f,0xdb,0x90,0x40,0xa4,0xbf,0x35,0xde,0x00,0x31,0x00,0xf6,0x00,0x00,0x00,0x00,0xee,0x81,0x3e,0x8c,0x8a,0x55,0x34,0x06,0x71,0x28,0x4c,0x59,0x33,0x85,0x37,0x07,0x4a,0xc1,0x45,0xea,0x93,0x13,0xca,0xcb,0x9f,0x66,0xed,0x52,0xda,0x33,0x5b,0x52,0x35,0x72,0x97,0x83,0x55,0x4a,0xa9,0x56,0xd5,0x52,0xda,0x53,0x5b,0x52,0xa9,0x32,0x61,0x02,0x0c,0xaa,0x12,0xa5,0x32,0x8d,0x64,0x3d,0xe0,0x10,0xa0,0x47,0x2d,0x93,0xdf,0x2a,0xed},
        {0x16,0x1a,0xc6,0xcd,0xf2,0x38,0xc0,0x98,0xd0,0xae,0xc2,0x28,0x6f,0xdb,0x90,0x40,0xa4,0xbf,0x35,0xde,0x00,0x31,0x00,0xf6,0x00,0x00,0x00,0x00,0xee,0x81,0x3e,0x8c,0x8a,0x55,0x34,0x06,0x71,0x28,0x4c,0x59,0x33,0x85,0x37,0x07,0x4a,0xc1,0x45,0xea,0x93,0x13,0xca,0xcb,0x9f,0x66,0xed,0x52,0xda,0x33,0x5b,0x52,0x35,0x72,0x97,0x83,0x55,0x4a,0xa9,0x56,0xd5,0x52,0xda,0x53,0x5b,0x52,0xa9,0x32,0x61,0x02,0x0c,0xaa,0x12,0xa5,0x32,0x8d,0x64,0x3d,0xe0,0x10,0xa0,0x47,0x2d,0x93,0xdf,0x2a,0xed},
    },
    {
        {0x00,0x00,0x00,0x00,0x00,0x00,0x00,0x00,0x00,0x00,0x00,0x00,0x00,0x00,0x00,0x00,0x00,0x00,0x00,0x00,0x00,0x00,0x00,0x00,0x00,0x00,0x00,0x00,0x00,0x00,0x00,0x00,0x00,0x00,0x00,0x00,0x00,0x00,0x00,0x00,0x00,0x00,0x00,0x00,0x00,0x00,0x00,0x00,0x00,0x00,0x00,0x00,0x00,0x00,0x00,0x00,0x00,0x00,0x00,0x00,0x00,0x00,0x00,0x00,0x00,0x00,0x00,0x00,0x00,0x00,0x00,0x00,0x00,0x00,0x00,0x00,0x00,0x00,0x00,0x00,0x00,0x00,0x00,0x00,0x00,0x00,0x70,0x10,0x12,0x7c,0xa5,0x06,0x88,0x00,0x00},
        {0x00,0x00,0x00,0x00,0x00,0x00,0x00,0x00,0x00,0x00,0x00,0x00,0x00,0x00,0x00,0x00,0x00,0x00,0x00,0x00,0x00,0x00,0x00,0x00,0x00,0x00,0x00,0x00,0x00,0x00,0x00,0x00,0x00,0x00,0x00,0x00,0x00,0x00,0x00,0x00,0x00,0x00,0x00,0x00,0x00,0x00,0x00,0x00,0x00,0x00,0x00,0x00,0x00,0x00,0x00,0x00,0x00,0x00,0x00,0x00,0x00,0x00,0x00,0x00,0x00,0x00,0x00,0x00,0x00,0x00,0x00,0x00,0x00,0x00,0x00,0x00,0x00,0x00,0x00,0x00,0x00,0x00,0x00,0x00,0x00,0x00,0x70,0x10,0x12,0x7c,0xa5,0x06,0x88,0x00,0x00},
    },
    {
        {0x00,0x00,0x00,0x00,0x00,0x00,0x00,0x00,0x00,0x00,0x00,0x00,0x00,0x00,0x00,0x00,0x00,0x00,0x00,0x00,0x00,0x00,0x00,0x00,0x00,0x00,0x00,0x00,0x00,0x00,0x00,0x00,0x00,0x00,0x00,0x00,0x00,0x00,0x00,0x00,0x00,0x00,0x00,0x00,0x00,0x00,0x00,0x00,0x00,0x00,0x00,0x00,0x00,0x00,0x00,0x00,0x00,0x00,0x00,0x00,0x00,0x00,0x00,0x00,0x00,0x00,0x00,0x00,0x00,0x00,0x00,0x00,0x00,0x00,0x00,0x00,0x00,0x00,0x00,0x00,0x00,0x00,0x00,0x00,0x00,0x00,0x00,0x1c,0x12,0x7c,0xa5,0x06,0x80,0x00,0x00},
        {0x00,0x00,0x00,0x00,0x00,0x00,0x00,0x00,0x00,0x00,0x00,0x00,0x00,0x00,0x00,0x00,0x00,0x00,0x00,0x00,0x00,0x00,0x00,0x00,0x00,0x00,0x00,0x00,0x00,0x00,0x00,0x00,0x00,0x00,0x00,0x00,0x00,0x00,0x00,0x00,0x00,0x00,0x00,0x00,0x00,0x00,0x00,0x00,0x00,0x00,0x00,0x00,0x00,0x00,0x00,0x00,0x00,0x00,0x00,0x00,0x00,0x00,0x00,0x00,0x00,0x00,0x00,0x00,0x00,0x00,0x00,0x00,0x00,0x00,0x00,0x00,0x00,0x00,0x00,0x00,0x00,0x00,0x00,0x00,0x00,0x00,0x00,0x1c,0x12,0x7c,0xa5,0x06,0x80,0x00,0x00},
    },
    {
        {0x00,0x00,0x00,0x00,0x00,0x00,0x00,0x00,0x00,0x00,0x00,0x00,0x00,0x00,0x00,0x00,0x00,0x00,0x00,0x00,0x00,0x00,0x00,0x00,0x00,0x00,0x00,0x00,0x00,0x00,0x00,0x00,0x00,0x00,0x00,0x00,0x00,0x00,0x00,0x00,0x00,0x00,0x00,0x00,0x00,0x00,0x00,0x00,0x00,0x00,0x00,0x00,0x00,0x00,0x00,0x00,0x00,0x00,0x00,0x00,0x00,0x00,0x00,0x00,0x00,0x00,0x00,0x00,0x00,0x00,0x00,0x00,0x00,0x00,0x00,0x00,0x00,0x00,0x00,0x00,0x00,0x00,0x00,0x00,0x00,0x00,0x00,0x1c,0x12,0x7c,0xa5,0x06,0x80,0x00,0x00},
        {0x00,0x00,0x00,0x00,0x00,0x00,0x00,0x00,0x00,0x00,0x00,0x00,0x00,0x00,0x00,0x00,0x00,0x00,0x00,0x00,0x00,0x00,0x00,0x00,0x00,0x00,0x00,0x00,0x00,0x00,0x00,0x00,0x00,0x00,0x00,0x00,0x00,0x00,0x00,0x00,0x00,0x00,0x00,0x00,0x00,0x00,0x00,0x00,0x00,0x00,0x00,0x00,0x00,0x00,0x00,0x00,0x00,0x00,0x00,0x00,0x00,0x00,0x00,0x00,0x00,0x00,0x00,0x00,0x00,0x00,0x00,0x00,0x00,0x00,0x00,0x00,0x00,0x00,0x00,0x00,0x00,0x00,0x00,0x00,0x00,0x00,0x00,0x1c,0x12,0x7c,0xa5,0x06,0x80,0x00,0x00},
    },
    {
        {0x00,0x00,0x00,0x00,0x00,0x00,0x00,0x00,0x00,0x00,0x00,0x00,0x00,0x00,0x00,0x00,0x00,0x00,0x00,0x00,0x00,0x00,0x00,0x00,0x00,0x00,0x00,0x00,0x00,0x00,0x00,0x00,0x00,0x00,0x00,0x00,0x00,0x00,0x00,0x00,0x00,0x00,0x00,0x00,0x00,0x00,0x00,0x00,0x00,0x00,0x00,0x00,0x00,0x00,0x00,0x00,0x00,0x00,0x00,0x00,0x00,0x00,0x00,0x00,0x00,0x00,0x00,0x00,0x00,0x00,0x00,0x00,0x00,0x00,0x00,0x00,0x00,0x00,0x00,0x00,0x00,0x00,0x00,0x00,0x00,0x00,0x00,0x1c,0x12,0x7c,0xa5,0x06,0x80,0x00,0x00},
        {0x00,0x00,0x00,0x00,0x00,0x00,0x00,0x00,0x00,0x00,0x00,0x00,0x00,0x00,0x00,0x00,0x00,0x00,0x00,0x00,0x00,0x00,0x00,0x00,0x00,0x00,0x00,0x00,0x00,0x00,0x00,0x00,0x00,0x00,0x00,0x00,0x00,0x00,0x00,0x00,0x00,0x00,0x00,0x00,0x00,0x00,0x00,0x00,0x00,0x00,0x00,0x00,0x00,0x00,0x00,0x00,0x00,0x00,0x00,0x00,0x00,0x00,0x00,0x00,0x00,0x00,0x00,0x00,0x00,0x00,0x00,0x00,0x00,0x00,0x00,0x00,0x00,0x00,0x00,0x00,0x00,0x00,0x00,0x00,0x00,0x00,0x00,0x1c,0x12,0x7c,0xa5,0x06,0x80,0x00,0x00},
    },
    {
        {0xff,0x2b,0x19,0xe3,0x44,0x24,0xc8,0x67,0x3b,0xa7,0x63,0x70,0x23,0x60,0xe7,0x12,0xdc,0xe6,0x81,0x55,0xe8,0xca,0x2b,0x07,0x72,0x5b,0x22,0xa9,0x9c,0xe3,0x9a,0xd4,0x4b,0x6c,0xb0,0xab,0x69,0xa8,0xb3,0x43,0xff,0x82,0xef,0xfe,0xc5,0x88,0x55,0x98,0x6c,0x00,0xcf,0xd9,0xca,0xca,0x2b,0xe1,0xf8,0x73,0x6f,0xd9,0xc9,0x2c,0x64,0x29,0xee,0x3d,0x4f,0xd9,0xc9,0xaa,0xd0,0xca,0x1c,0x48,0x23,0xb9,0xf6,0xf1,0x6c,0xf7,0x8b,0x94,0x51,0xc2,0xfc,0x79,0x98,0x56,0xc4,0xaf,0x3b,0x83,0xd1,0x42,0xa8},
        {0xff,0x2b,0x19,0xe3,0x44,0x24,0xc8,0x67,0x3b,0xa7,0x63,0x70,0x23,0x60,0xe7,0x12,0xdc,0xe6,0x81,0x55,0xe8,0xca,0x2b,0x07,0x72,0x5b,0x22,0xa9,0x9c,0xe3,0x9a,0xd4,0x4b,0x6c,0xb0,0xab,0x69,0xa8,0xb3,0x43,0xff,0x82,0xef,0xfe,0xc5,0x88,0x55,0x98,0x6c,0x00,0xcf,0xd9,0xca,0xca,0x2b,0xe1,0xf8,0x73,0x6f,0xd9,0xc9,0x2c,0x64,0x29,0xee,0x3d,0x4f,0xd9,0xc9,0xaa,0xd0,0xca,0x1c,0x48,0x23,0xb9,0xf6,0xf1,0x6c,0xf7,0x8b,0x94,0x51,0xc2,0xfc,0x79,0x98,0x56,0xc4,0xaf,0x3b,0x83,0xd1,0x42,0xa8},
    },
    {
        {0xff,0xa5,0x2b,0x75,0x5e,0xbb,0x0e,0xf3,0x21,0xff,0xea,0xeb,0xe4,0xcc,0xbc,0x7b,0x18,0x1b,0x07,0xde,0x1a,0x96,0xb5,0xd4,0x5d,0xf7,0xc2,0x47,0x66,0x11,0x8c,0xe6,0xd0,0xdb,0xf0,0x09,0xbf,0xe0,0x4c,0x01,0x00,0x00,0x01,0x20,0x79,0x19,0x97,0xf0,0xdd,0x76,0x94,0xd0,0xff,0x61,0xbe,0x9a,0xfb,0x9f,0xc3,0x75,0xab,0x52,0xd2,0xd0,0xcf,0x50,0xd2,0xeb,0xe2,0xbc,0xbe,0x68,0xf6,0x47,0xd5,0xfb,0x56,0x28,0x55,0x32,0x25,0x68,0x4a,0xa8,0xeb,0x7e,0xd0,0x9a,0xd7,0x08,0x13,0x32,0xf9,0x3c,0xed},
        {0xff,0xa5,0x2b,0x75,0x5e,0xbb,0x0e,0xf3,0x21,0xff,0xea,0xeb,0xe4,0xcc,0xbc,0x7b,0x18,0x1b,0x07,0xde,0x1a,0x96,0xb5,0xd4,0x5d,0xf7,0xc2,0x47,0x66,0x11,0x8c,0xe6,0xd0,0xdb,0xf0,0x09,0xbf,0xe0,0x4c,0x01,0x00,0x00,0x01,0x20,0x79,0x19,0x97,0xf0,0xdd,0x76,0x94,0xd0,0xff,0x61,0xbe,0x9a,0xfb,0x9f,0xc3,0x75,0xab,0x52,0xd2,0xd0,0xcf,0x50,0xd2,0xeb,0xe2,0xbc,0xbe,0x68,0xf6,0x47,0xd5,0xfb,0x56,0x28,0x55,0x32,0x25,0x68,0x4a,0xa8,0xeb,0x7e,0xd0,0x9a,0xd7,0x08,0x13,0x32,0xf9,0x3c,0xed},
    },
    {
        {0xff,0xe5,0x64,0x8e,0xae,0xd3,0x68,0x0c,0xb4,0x7a,0x9b,0x54,0xa6,0xf5,0x0d,0x05,0xc0,0xf1,0xcb,0xa3,0x4e,0x77,0x47,0x0f,0x9d,0x40,0x00,0x46,0xac,0x7a,0xe2,0x54,0x1b,0x7d,0x9b,0x0d,0xf2,0x1f,0xeb,0xee,0x81,0xa4,0x66,0xdd,0x60,0xc3,0x03,0xcf,0x44,0x8d,0x7c,0xd2,0x01,0x5f,0xac,0xf8,0x06,0xa3,0x2d,0xac,0x15,0x24,0x09,0x2d,0xac,0xae,0xc3,0xc2,0xdf,0xec,0x08,0x03,0xe0,0x43,0xa9,0x0d,0x23,0xbd,0x30,0x6a,0xa9,0x98,0x47,0x0b,0xbf,0xe4,0x50,0x9a,0x3b,0x39,0xbc,0x92,0xf9,0x3c,0xec},
        {0xff,0xe5,0x64,0x8e,0xae,0xd3,0x68,0x0c,0xb4,0x7a,0x9b,0x54,0xa6,0xf5,0x0d,0x05,0xc0,0xf1,0xcb,0xa3,0x4e,0x77,0x47,0x0f,0x9d,0x40,0x00,0x46,0xac,0x7a,0xe2,0x54,0x1b,0x7d,0x9b,0x0d,0xf2,0x1f,0xeb,0xee,0x81,0xa4,0x66,0xdd,0x60,0xc3,0x03,0xcf,0x44,0x8d,0x7c,0xd2,0x01,0x5f,0xac,0xf8,0x06,0xa3,0x2d,0xac,0x15,0x24,0x09,0x2d,0xac,0xae,0xc3,0xc2,0xdf,0xec,0x08,0x03,0xe0,0x43,0xa9,0x0d,0x23,0xbd,0x30,0x6a,0xa9,0x98,0x47,0x0b,0xbf,0xe4,0x50,0x9a,0x3b,0x39,0xbc,0x92,0xf9,0x3c,0xec},
    },
    {
        {0xff,0xda,0xcf,0x64,0xea,0x12,0x4e,0x41,0x66,0xe1,0x07,0x88,0x8b,0xea,0xa9,0x8b,0x9b,0xad,0x21,0x67,0xbf,0x51,0x56,0x9a,0x90,0x62,0x6d,0x8a,0x8f,0x0c,0xff,0x49,0x93,0x35,0x1e,0x40,0x8f,0x8e,0xeb,0x29,0xf5,0xd3,0xaf,0x35,0x6d,0x4a,0x9e,0xc9,0x20,0x1b,0x05,0x89,0x49,0x27,0x91,0x24,0x93,0x64,0xa0,0xab,0x8a,0x32,0x24,0x92,0x6c,0x94,0x87,0x9d,0x65,0x78,0x5b,0x86,0x31,0x96,0x22,0x76,0x22,0x34,0x15,0xae,0x1a,0xfb,0x31,0x09,0x75,0xe9,0x50,0x9a,0xca,0xac,0xda,0x12,0xf9,0x3a,0xe9},
        {0xff,0xda,0xcf,0x64,0xea,0x12,0x4e,0x41,0x66,0xe1,0x07,0x88,0x8b,0xea,0xa9,0x8b,0x9b,0xad,0x21,0x67,0xbf,0x51,0x56,0x9a,0x90,0x62,0x6d,0x8a,0x8f,0x0c,0xff,0x49,0x93,0x35,0x1e,0x40,0x8f,0x8e,0xeb,0x29,0xf5,0xd3,0xaf,0x35,0x6d,0x4a,0x9e,0xc9,0x20,0x1b,0x05,0x89,0x49,0x27,0x91,0x24,0x93,0x64,0xa0,0xab,0x8a,0x32,0x24,0x92,0x6c,0x94,0x87,0x9d,0x65,0x78,0x5b,0x86,0x31,0x96,0x22,0x76,0x22,0x34,0x15,0xae,0x1a,0xfb,0x31,0x09,0x75,0xe9,0x50,0x9a,0xca,0xac,0xda,0x12,0xf9,0x3a,0xe9},
    },
    {
        {0xff,0xe5,0x64,0x8e,0xad,0xb9,0xc2,0x12,0xe4,0xc0,0x9e,0x08,0xf1,0x1f,0x39,0x0f,0x66,0x2a,0xad,0x1e,0x30,0x95,0x77,0xb7,0xae,0x1f,0xc0,0x10,0xb9,0xc2,0xf6,0x53,0xd5,0x8e,0xc1,0xfc,0xc4,0x49,0xc5,0xe6,0x92,0x37,0x73,0x12,0x93,0x14,0xbb,0x34,0xd4,0x81,0x32,0x60,0xb9,0x2c,0x6e,0xe0,0x2a,0x4c,0x56,0x97,0xde,0x0c,0xc5,0x49,0x8a,0xd4,0x49,0x83,0x85,0x40,0x47,0x57,0x80,0xd7,0xe4,0xea,0x58,0x0a,0x81,0x21,0x8a,0x57,0x08,0x93,0xc1,0xa2,0xd0,0x99,0xf4,0xa7,0xa9,0x52,0xf9,0x3c,0xe9},
        {0xff,0xe5,0x64,0x8e,0xad,0xb9,0xc2,0x12,0xe4,0xc0,0x9e,0x08,0xf1,0x1f,0x39,0x0f,0x66,0x2a,0xad,0x1e,0x30,0x95,0x77,0xb7,0xae,0x1f,0xc0,0x10,0xb9,0xc2,0xf6,0x53,0xd5,0x8e,0xc1,0xfc,0xc4,0x49,0xc5,0xe6,0x92,0x37,0x73,0x12,0x93,0x14,0xbb,0x34,0xd4,0x81,0x32,0x60,0xb9,0x2c,0x6e,0xe0,0x2a,0x4c,0x56,0x97,0xde,0x0c,0xc5,0x49,0x8a,0xd4,0x49,0x83,0x85,0x40,0x47,0x57,0x80,0xd7,0xe4,0xea,0x58,0x0a,0x81,0x21,0x8a,0x57,0x08,0x93,0xc1,0xa2,0xd0,0x99,0xf4,0xa7,0xa9,0x52,0xf9,0x3c,0xe9},
    },
    {
        {0xff,0xe9,0xcb,0x86,0x00,0x11,0x88,0x22,0x02,0xaa,0xd8,0xdb,0x7c,0xd6,0xbf,0x4d,0x15,0x9a,0x48,0x82,0x3a,0x27,0xb6,0xff,0xf7,0x16,0x81,0xc3,0x59,0xa3,0x5f,0x0f,0xd4,0x55,0x1b,0x52,0x2c,0x81,0xab,0x7d,0xa4,0x97,0xf2,0x16,0xbb,0xff,0xf1,0x8b,0x78,0xd9,0x3d,0x5f,0xf9,0xfe,0x1a,0xde,0xc9,0x6a,0xe8,0x89,0xc4,0xb9,0x36,0x4b,0x57,0x2c,0x6d,0xfc,0x3c,0xdf,0x1e,0x1b,0x06,0xf3,0xb5,0xc5,0x0b,0x80,0x87,0x44,0x4f,0x13,0x8b,0x9a,0xac,0xac,0xd0,0x9a,0xca,0xa7,0xda,0x92,0xf9,0x3c,0xb3},
        {0xff,0xe9,0xcb,0x86,0x00,0x11,0x88,0x22,0x02,0xaa,0xd8,0xdb,0x7c,0xd6,0xbf,0x4d,0x15,0x9a,0x48,0x82,0x3a,0x27,0xb6,0xff,0xf7,0x16,0x81,0xc3,0x59,0xa3,0x5f,0x0f,0xd4,0x55,0x1b,0x52,0x2c,0x81,0xab,0x7d,0xa4,0x97,0xf2,0x16,0xbb,0xff,0xf1,0x8b,0x78,0xd9,0x3d,0x5f,0xf9,0xfe,0x1a,0xde,0xc9,0x6a,0xe8,0x89,0xc4,0xb9,0x36,0x4b,0x57,0x2c,0x6d,0xfc,0x3c,0xdf,0x1e,0x1b,0x06,0xf3,0xb5,0xc5,0x0b,0x80,0x87,0x44,0x4f,0x13,0x8b,0x9a,0xac,0xac,0xd0,0x9a,0xca,0xa7,0xda,0x92,0xf9,0x3c,0xb3},
    },
    {
        {0xff,0xe6,0x2f,0x81,0x3d,0xb1,0x3f,0xa9,0xdd,0xfc,0x81,0x96,0x0e,0x49,0x71,0x29,0x16,0xd9,0x56,0x6f,0xd2,0x0c,0x06,0x3d,0x40,0xda,0x29,0x1d,0xe6,0x33,0x93,0xf9,0x1a,0x7c,0xf6,0x53,0x72,0x5e,0x7a,0x3f,0xb4,0x3b,0xf7,0xad,0x9a,0x41,0x6d,0xd2,0x6b,0x58,0xf1,0x85,0x82,0x44,0x43,0xa7,0x20,0x3b,0x78,0xf0,0xc2,0xc1,0x02,0x21,0xd3,0x95,0x86,0x77,0x6c,0xd0,0xd2,0x2f,0xd1,0xef,0xb4,0xd6,0xee,0x5b,0x85,0x58,0x77,0xd5,0xde,0x76,0x98,0x9e,0xd0,0x9a,0x37,0xcf,0x50,0xb2,0xf9,0x36,0xed},
        {0xff,0xe6,0x2f,0x81,0x3d,0xb1,0x3f,0xa9,0xdd,0xfc,0x81,0x96,0x0e,0x49,0x71,0x29,0x16,0xd9,0x56,0x6f,0xd2,0x0c,0x06,0x3d,0x40,0xda,0x29,0x1d,0xe6,0x33,0x93,0xf9,0x1a,0x7c,0xf6,0x53,0x72,0x5e,0x7a,0x3f,0xb4,0x3b,0xf7,0xad,0x9a,0x41,0x6d,0xd2,0x6b,0x58,0xf1,0x85,0x82,0x44,0x43,0xa7,0x20,0x3b,0x78,0xf0,0xc2,0xc1,0x02,0x21,0xd3,0x95,0x86,0x77,0x6c,0xd0,0xd2,0x2f,0xd1,0xef,0xb4,0xd6,0xee,0x5b,0x85,0x58,0x77,0xd5,0xde,0x76,0x98,0x9e,0xd0,0x9a,0x37,0xcf,0x50,0xb2,0xf9,0x36,0xed},
    },
    {
        {0xff,0xe9,0xcb,0x75,0xfe,0x42,0x98,0xd7,0x53,0x75,0x7e,0x46,0x9b,0xa9,0x25,0xe6,0x39,0x32,0x41,0x94,0x57,0x75,0xfc,0x8c,0xdf,0xb0,0x17,0xf8,0x16,0x00,0xdb,0x70,0xf5,0x47,0x2f,0x1d,0xb9,0x7e,0x87,0x7a,0x9d,0x8f,0xd9,0xa0,0xaa,0xd2,0x51,0x2e,0x8a,0xcc,0x21,0xcf,0xc2,0xa4,0x82,0x36,0x61,0x0a,0x6e,0xa4,0x9b,0x00,0xb3,0x08,0x53,0xeb,0x90,0x3b,0x82,0x04,0x76,0x09,0xf0,0x5d,0xb8,0xaf,0x97,0x8c,0x5b,0xf0,0x59,0xa0,0x1c,0xeb,0x59,0x3f,0xd0,0x9a,0xc4,0x92,0xfa,0x92,0xf9,0x3c,0xce},
        {0xff,0xe9,0xcb,0x75,0xfe,0x42,0x98,0xd7,0x53,0x75,0x7e,0x46,0x9b,0xa9,0x25,0xe6,0x39,0x32,0x41,0x94,0x57,0x75,0xfc,0x8c,0xdf,0xb0,0x17,0xf8,0x16,0x00,0xdb,0x70,0xf5,0x47,0x2f,0x1d,0xb9,0x7e,0x87,0x7a,0x9d,0x8f,0xd9,0xa0,0xaa,0xd2,0x51,0x2e,0x8a,0xcc,0x21,0xcf,0xc2,0xa4,0x82,0x36,0x61,0x0a,0x6e,0xa4,0x9b,0x00,0xb3,0x08,0x53,0xeb,0x90,0x3b,0x82,0x04,0x76,0x09,0xf0,0x5d,0xb8,0xaf,0x97,0x8c,0x5b,0xf0,0x59,0xa0,0x1c,0xeb,0x59,0x3f,0xd0,0x9a,0xc4,0x92,0xfa,0x92,0xf9,0x3c,0xce},
    },
    {
        {0xff,0xe2,0x02,0xb1,0x6e,0x3d,0x34,0xeb,0x7c,0xe6,0x1d,0x87,0x78,0xa0,0xe1,0x5e,0x9b,0xa5,0xe5,0x7d,0x91,0xdd,0xf7,0x08,0x83,0x5e,0xb0,0x75,0xce,0x5a,0xc6,0xaa,0xe9,0xc4,0x6e,0xb0,0xc1,0xf4,0xec,0x4d,0xa9,0x03,0x35,0x8c,0xe8,0xaf,0x8c,0x67,0x12,0xfa,0xf7,0xac,0x0b,0x5b,0x9c,0xc0,0x9e,0xbd,0xec,0xfb,0xfe,0xa1,0x30,0x27,0xaf,0x7a,0x00,0x26,0x30,0x56,0xe1,0xec,0xd9,0x52,0x8c,0x47,0xb8,0xa4,0x69,0xa5,0xdc,0x90,0xd9,0x87,0xe3,0x4d,0xd0,0x9b,0xa4,0x7e,0xd8,0x32,0xf9,0x38,0xed},
        {0xff,0xe2,0x02,0xb1,0x6e,0x3d,0x34,0xeb,0x7c,0xe6,0x1d,0x87,0x78,0xa0,0xe1,0x5e,0x9b,0xa5,0xe5,0x7d,0x91,0xdd,0xf7,0x08,0x83,0x5e,0xb0,0x75,0xce,0x5a,0xc6,0xaa,0xe9,0xc4,0x6e,0xb0,0xc1,0xf4,0xec,0x4d,0xa9,0x03,0x35,0x8c,0xe8,0xaf,0x8c,0x67,0x12,0xfa,0xf7,0xac,0x0b,0x5b,0x9c,0xc0,0x9e,0xbd,0xec,0xfb,0xfe,0xa1,0x30,0x27,0xaf,0x7a,0x00,0x26,0x30,0x56,0xe1,0xec,0xd9,0x52,0x8c,0x47,0xb8,0xa4,0x69,0xa5,0xdc,0x90,0xd9,0x87,0xe3,0x4d,0xd0,0x9b,0xa4,0x7e,0xd8,0x32,0xf9,0x38,0xed},
    },
    {
        {0xff,0xe9,0xcb,0x75,0xfe,0x42,0x98,0xd7,0x49,0xad,0x75,0xc7,0x3e,0xef,0x35,0xdf,0xb5,0x9a,0xdc,0xd6,0x05,0xe9,0xb3,0xac,0x0b,0x01,0x1a,0x8f,0x03,0x8a,0x57,0x71,0xa1,0xa1,0x00,0x7b,0xa5,0x70,0x8b,0x62,0x62,0xf7,0x5f,0xca,0xb2,0xba,0x4e,0xad,0x41,0xe9,0x4a,0xa1,0xc8,0xdd,0x0e,0x5b,0xa1,0x84,0xed,0xc0,0xe5,0x15,0xc6,0xa6,0xdc,0x0a,0x5e,0xc8,0x6e,0x0b,0xc0,0xaf,0x48,0xfc,0xe6,0x9a,0x60,0x5f,0x15,0x85,0x46,0x1b,0xf2,0x7c,0xe3,0x82,0xd0,0x9a,0xc4,0x92,0xfa,0x92,0xf9,0x3e,0xdb},
        {0xff,0xe9,0xcb,0x75,0xfe,0x42,0x98,0xd7,0x49,0xad,0x75,0xc7,0x3e,0xef,0x35,0xdf,0xb5,0x9a,0xdc,0xd6,0x05,0xe9,0xb3,0xac,0x0b,0x01,0x1a,0x8f,0x03,0x8a,0x57,0x71,0xa1,0xa1,0x00,0x7b,0xa5,0x70,0x8b,0x62,0x62,0xf7,0x5f,0xca,0xb2,0xba,0x4e,0xad,0x41,0xe9,0x4a,0xa1,0xc8,0xdd,0x0e,0x5b,0xa1,0x84,0xed,0xc0,0xe5,0x15,0xc6,0xa6,0xdc,0x0a,0x5e,0xc8,0x6e,0x0b,0xc0,0xaf,0x48,0xfc,0xe6,0x9a,0x60,0x5f,0x15,0x85,0x46,0x1b,0xf2,0x7c,0xe3,0x82,0xd0,0x9a,0xc4,0x92,0xfa,0x92,0xf9,0x3e,0xdb},
    },
    {
        {0xff,0xe3,0x0e,0xf1,0x0c,0x8d,0xea,0x48,0x0b,0xa6,0x98,0x74,0x8c,0x1c,0x12,0x20,0x7f,0xe4,0xe4,0x69,0x41,0xf5,0xd8,0x5a,0xae,0xbc,0x7a,0x8e,0x5b,0x76,0x1e,0xf0,0xe0,0x9b,0xc2,0x5d,0x69,0x8b,0x47,0x83,0xb8,0x14,0x6e,0xd8,0xf7,0xf1,0xb1,0x0b,0x16,0x95,0xe7,0xcc,0xde,0xfa,0xed,0xca,0x1c,0x10,0xfd,0xcb,0x22,0x9b,0x41,0x44,0x2f,0x96,0x89,0xb1,0x08,0x59,0x69,0x9e,0xd5,0x28,0xbe,0x29,0x46,0xee,0xfb,0xbb,0xa3,0x19,0x27,0xbc,0x88,0x40,0xd0,0x9a,0x37,0xcf,0x50,0x32,0xf9,0x34,0xef},
        {0xff,0xe3,0x0e,0xf1,0x0c,0x8d,0xea,0x48,0x0b,0xa6,0x98,0x74,0x8c,0x1c,0x12,0x20,0x7f,0xe4,0xe4,0x69,0x41,0xf5,0xd8,0x5a,0xae,0xbc,0x7a,0x8e,0x5b,0x76,0x1e,0xf0,0xe0,0x9b,0xc2,0x5d,0x69,0x8b,0x47,0x83,0xb8,0x14,0x6e,0xd8,0xf7,0xf1,0xb1,0x0b,0x16,0x95,0xe7,0xcc,0xde,0xfa,0xed,0xca,0x1c,0x10,0xfd,0xcb,0x22,0x9b,0x41,0x44,0x2f,0x96,0x89,0xb1,0x08,0x59,0x69,0x9e,0xd5,0x28,0xbe,0x29,0x46,0xee,0xfb,0xbb,0xa3,0x19,0x27,0xbc,0x88,0x40,0xd0,0x9a,0x37,0xcf,0x50,0x32,0xf9,0x34,0xef},
    },
    {
        {0xff,0xdd,0x1d,0x28,0x81,0xa5,0x1a,0x9e,0x12,0x65,0xf7,0xf3,0xd1,0xb9,0xfa,0x3d,0xc1,0x4b,0x6c,0x68,0x40,0x34,0x95,0x6f,0x86,0x73,0x53,0x51,0x05,0x40,0x66,0xb7,0xd0,0x92,0x67,0x1a,0x18,0x80,0x1d,0x42,0x0c,0xcd,0x56,0xb4,0x72,0xb2,0x92,0x2c,0x92,0xa4,0xe1,0xfd,0x18,0xf4,0x95,0x03,0x88,0xf5,0xe1,0xa4,0xa9,0x2e,0x10,0xc0,0x7d,0x25,0x4e,0xa5,0x5f,0xbc,0xe0,0x48,0x1c,0xd8,0xc5,0x3f,0x77,0xfc,0x45,0x79,0x57,0x67,0xc5,0x94,0x77,0x01,0x50,0x99,0x91,0xbb,0xd5,0x52,0xf9,0x40,0xcd},
        {0xff,0xdd,0x1d,0x28,0x81,0xa5,0x1a,0x9e,0x12,0x65,0xf7,0xf3,0xd1,0xb9,0xfa,0x3d,0xc1,0x4b,0x6c,0x68,0x40,0x34,0x95,0x6f,0x86,0x73,0x53,0x51,0x05,0x40,0x66,0xb7,0xd0,0x92,0x67,0x1a,0x18,0x80,0x1d,0x42,0x0c,0xcd,0x56,0xb4,0x72,0xb2,0x92,0x2c,0x92,0xa4,0xe1,0xfd,0x18,0xf4,0x95,0x03,0x88,0xf5,0xe1,0xa4,0xa9,0x2e,0x10,0xc0,0x7d,0x25,0x4e,0xa5,0x5f,0xbc,0xe0,0x48,0x1c,0xd8,0xc5,0x3f,0x77,0xfc,0x45,0x79,0x57,0x67,0xc5,0x94,0x77,0x01,0x50,0x99,0x91,0xbb,0xd5,0x52,0xf9,0x40,0xcd},
    },
    {
        {0xff,0xe3,0x0f,0x33,0x9c,0x44,0x41,0x78,0x78,0xbe,0xac,0x4a,0x99,0x37,0xe8,0xbc,0x29,0x3a,0x47,0xd5,0x79,0xf6,0xf6,0x11,0x5e,0x05,0xe0,0x0b,0x5a,0x50,0x1e,0xa8,0x7d,0x4e,0x2b,0x50,0x40,0x4c,0x47,0xb6,0x51,0x90,0x90,0x81,0x88,0xe3,0xdd,0x2e,0x33,0x78,0xfd,0xe4,0x9b,0xe7,0x42,0xbc,0x77,0x30,0x58,0xc3,0xbf,0x57,0x7c,0xf5,0x09,0xd0,0x3a,0x83,0x91,0x82,0x91,0x1e,0x11,0x16,0x20,0xbb,0x9c,0xf2,0xd9,0xa0,0xea,0xf1,0x21,0xc2,0x55,0x50,0xd0,0x9a,0xd7,0x08,0x13,0x32,0xf9,0x32,0xeb},
        {0xff,0xe3,0x0f,0x33,0x9c,0x44,0x41,0x78,0x78,0xbe,0xac,0x4a,0x99,0x37,0xe8,0xbc,0x29,0x3a,0x47,0xd5,0x79,0xf6,0xf6,0x11,0x5e,0x05,0xe0,0x0b,0x5a,0x50,0x1e,0xa8,0x7d,0x4e,0x2b,0x50,0x40,0x4c,0x47,0xb6,0x51,0x90,0x90,0x81,0x88,0xe3,0xdd,0x2e,0x33,0x78,0xfd,0xe4,0x9b,0xe7,0x42,0xbc,0x77,0x30,0x58,0xc3,0xbf,0x57,0x7c,0xf5,0x09,0xd0,0x3a,0x83,0x91,0x82,0x91,0x1e,0x11,0x16,0x20,0xbb,0x9c,0xf2,0xd9,0xa0,0xea,0xf1,0x21,0xc2,0x55,0x50,0xd0,0x9a,0xd7,0x08,0x13,0x32,0xf9,0x32,0xeb},
    },
    {
        {0xff,0xdd,0x1d,0x28,0x81,0xa5,0x14,0x3d,0x57,0x77,0xef,0xe0,0x91,0x29,0x97,0xbd,0xe2,0xa4,0x4b,0xdb,0x8f,0x00,0x00,0x00,0xe7,0xe0,0x18,0x4a,0x6a,0x80,0x09,0x80,0x20,0xbf,0x3d,0x4f,0xb5,0x9c,0x42,0xa3,0xd4,0x6d,0x39,0xec,0xa7,0x19,0xc6,0x9e,0x03,0x1c,0x61,0xbf,0x26,0xcd,0x09,0x9e,0x7f,0x7b,0xc0,0x07,0x26,0x83,0xe8,0x1c,0x15,0x3c,0x68,0x04,0xb3,0xf4,0xa7,0x02,0x62,0x47,0xd4,0xd9,0xb9,0x0d,0x0c,0xe2,0xc8,0x87,0x5a,0x0f,0x30,0x84,0x50,0x99,0x91,0xbb,0xd5,0x52,0xf9,0x42,0xec},
        {0xff,0xdd,0x1d,0x28,0x81,0xa5,0x14,0x3d,0x57,0x77,0xef,0xe0,0x91,0x29,0x97,0xbd,0xe2,0xa4,0x4b,0xdb,0x8f,0x00,0x00,0x00,0xe7,0xe0,0x18,0x4a,0x6a,0x80,0x09,0x80,0x20,0xbf,0x3d,0x4f,0xb5,0x9c,0x42,0xa3,0xd4,0x6d,0x39,0xec,0xa7,0x19,0xc6,0x9e,0x03,0x1c,0x61,0xbf,0x26,0xcd,0x09,0x9e,0x7f,0x7b,0xc0,0x07,0x26,0x83,0xe8,0x1c,0x15,0x3c,0x68,0x04,0xb3,0xf4,0xa7,0x02,0x62,0x47,0xd4,0xd9,0xb9,0x0d,0x0c,0xe2,0xc8,0x87,0x5a,0x0f,0x30,0x84,0x50,0x99,0x91,0xbb,0xd5,0x52,0xf9,0x42,0xec},
    },
    {
        {0xff,0xe5,0x64,0xa0,0x50,0x36,0x56,0xd8,0x12,0x50,0x78,0xcd,0x75,0xbe,0x49,0x92,0xcb,0x21,0x36,0x08,0x98,0xf6,0x6b,0x54,0x60,0xde,0x62,0x55,0x1c,0x54,0x97,0x94,0x0b,0x02,0x9e,0x34,0x1e,0x05,0x0a,0xbb,0xaf,0xe7,0xe6,0x07,0x22,0xd4,0xe1,0x9c,0x63,0x38,0x0d,0xf3,0x36,0xba,0x0d,0x48,0x53,0x63,0xd9,0xa2,0x21,0xda,0x17,0xa2,0x9f,0xf6,0x88,0x71,0x3f,0x22,0x1a,0x4c,0xf1,0xe3,0x66,0xa0,0xc6,0xe4,0x95,0x8b,0x5f,0x54,0x6c,0x77,0x2c,0xf8,0xd0,0x9a,0xd7,0x08,0x13,0x32,0xf9,0x32,0xee},
        {0xff,0xe5,0x64,0xa0,0x50,0x36,0x56,0xd8,0x12,0x50,0x78,0xcd,0x75,0xbe,0x49,0x92,0xcb,0x21,0x36,0x08,0x98,0xf6,0x6b,0x54,0x60,0xde,0x62,0x55,0x1c,0x54,0x97,0x94,0x0b,0x02,0x9e,0x34,0x1e,0x05,0x0a,0xbb,0xaf,0xe7,0xe6,0x07,0x22,0xd4,0xe1,0x9c,0x63,0x38,0x0d,0xf3,0x36,0xba,0x0d,0x48,0x53,0x63,0xd9,0xa2,0x21,0xda,0x17,0xa2,0x9f,0xf6,0x88,0x71,0x3f,0x22,0x1a,0x4c,0xf1,0xe3,0x66,0xa0,0xc6,0xe4,0x95,0x8b,0x5f,0x54,0x6c,0x77,0x2c,0xf8,0xd0,0x9a,0xd7,0x08,0x13,0x32,0xf9,0x32,0xee},
    },
    {
        {0xff,0xde,0x45,0x38,0xdb,0xd8,0x44,0x65,0xea,0x4d,0x82,0xf1,0x82,0x2d,0xef,0x85,0x4c,0xec,0x0e,0xf1,0x4b,0x26,0xc6,0x4d,0xc1,0xcc,0x21,0xd4,0xa3,0x36,0x43,0xa6,0xfd,0xdd,0x98,0x88,0x3f,0x9d,0x3e,0x71,0x52,0xfe,0x95,0xa5,0x74,0x35,0x1b,0xe6,0x24,0xc4,0x54,0x78,0x89,0x82,0x73,0xe7,0x20,0xcc,0xcf,0x68,0x1f,0x02,0x73,0xe7,0x20,0xcc,0xae,0x55,0x63,0x3a,0x95,0x09,0x0e,0x88,0x56,0x94,0xdd,0x7b,0x41,0x79,0x39,0x67,0x31,0xbd,0x9e,0xef,0x50,0x9a,0x32,0x0d,0xa4,0x92,0xf9,0x3c,0xea},
        {0xff,0xde,0x45,0x38,0xdb,0xd8,0x44,0x65,0xea,0x4d,0x82,0xf1,0x82,0x2d,0xef,0x85,0x4c,0xec,0x0e,0xf1,0x4b,0x26,0xc6,0x4d,0xc1,0xcc,0x21,0xd4,0xa3,0x36,0x43,0xa6,0xfd,0xdd,0x98,0x88,0x3f,0x9d,0x3e,0x71,0x52,0xfe,0x95,0xa5,0x74,0x35,0x1b,0xe6,0x24,0xc4,0x54,0x78,0x89,0x82,0x73,0xe7,0x20,0xcc,0xcf,0x68,0x1f,0x02,0x73,0xe7,0x20,0xcc,0xae,0x55,0x63,0x3a,0x95,0x09,0x0e,0x88,0x56,0x94,0xdd,0x7b,0x41,0x79,0x39,0x67,0x31,0xbd,0x9e,0xef,0x50,0x9a,0x32,0x0d,0xa4,0x92,0xf9,0x3c,0xea},
    },
    {
        {0xff,0xdd,0x1d,0x14,0xe9,0x2a,0x58,0xff,0xf6,0xce,0x75,0xd6,0x34,0xf9,0x66,0xd5,0x7a,0xfb,0x4d,0xd8,0xf4,0x66,0x6e,0x49,0xae,0xc8,0xc6,0xbf,0x44,0xd6,0x1a,0xbf,0xba,0x73,0x34,0x78,0xbc,0x9a,0xcf,0x51,0x86,0x88,0xfe,0x32,0x0c,0x64,0x34,0x9d,0x71,0x76,0x4e,0x7c,0xe3,0x6f,0x61,0x39,0x38,0xbc,0x76,0xbf,0x90,0x37,0xb0,0x9c,0x9c,0x5e,0x87,0x43,0xb1,0xb4,0x07,0xe0,0x6c,0x61,0xc5,0x11,0xe8,0x5d,0x1a,0x1f,0x93,0xd7,0x31,0x31,0x94,0xda,0x50,0x9a,0xcc,0x94,0x5e,0x32,0xf9,0x38,0xee},
        {0xff,0xdd,0x1d,0x14,0xe9,0x2a,0x58,0xff,0xf6,0xce,0x75,0xd6,0x34,0xf9,0x66,0xd5,0x7a,0xfb,0x4d,0xd8,0xf4,0x66,0x6e,0x49,0xae,0xc8,0xc6,0xbf,0x44,0xd6,0x1a,0xbf,0xba,0x73,0x34,0x78,0xbc,0x9a,0xcf,0x51,0x86,0x88,0xfe,0x32,0x0c,0x64,0x34,0x9d,0x71,0x76,0x4e,0x7c,0xe3,0x6f,0x61,0x39,0x38,0xbc,0x76,0xbf,0x90,0x37,0xb0,0x9c,0x9c,0x5e,0x87,0x43,0xb1,0xb4,0x07,0xe0,0x6c,0x61,0xc5,0x11,0xe8,0x5d,0x1a,0x1f,0x93,0xd7,0x31,0x31,0x94,0xda,0x50,0x9a,0xcc,0x94,0x5e,0x32,0xf9,0x38,0xee},
    },
    {
        {0xff,0xe5,0x64,0x8e,0xae,0xd3,0x69,0x71,0xe5,0xfe,0x65,0x5c,0xd5,0x61,0xe1,0x15,0xbe,0x59,0xf7,0x29,0x09,0x11,0x7e,0x1f,0x04,0x92,0xc2,0x6d,0xea,0x76,0xce,0x62,0x36,0x2e,0x39,0xcc,0xdf,0xb5,0x3a,0xf7,0xef,0x92,0x6b,0x5c,0xa1,0x3d,0x41,0x12,0x9e,0xb5,0x50,0x90,0x76,0xed,0x59,0x4a,0x55,0x09,0xc4,0x1f,0xca,0xb4,0xa5,0x50,0x91,0x4a,0x80,0x1d,0x2e,0x91,0x5a,0x73,0xe4,0x5f,0x56,0x86,0x3e,0x6f,0xc9,0x81,0x30,0x13,0xa1,0x6a,0x86,0x40,0x50,0x99,0xf4,0xa7,0xa9,0x52,0xf9,0x3a,0xec},
        {0xff,0xe5,0x64,0x8e,0xae,0xd3,0x69,0x71,0xe5,0xfe,0x65,0x5c,0xd5,0x61,0xe1,0x15,0xbe,0x59,0xf7,0x29,0x09,0x11,0x7e,0x1f,0x04,0x92,0xc2,0x6d,0xea,0x76,0xce,0x62,0x36,0x2e,0x39,0xcc,0xdf,0xb5,0x3a,0xf7,0xef,0x92,0x6b,0x5c,0xa1,0x3d,0x41,0x12,0x9e,0xb5,0x50,0x90,0x76,0xed,0x59,0x4a,0x55,0x09,0xc4,0x1f,0xca,0xb4,0xa5,0x50,0x91,0x4a,0x80,0x1d,0x2e,0x91,0x5a,0x73,0xe4,0x5f,0x56,0x86,0x3e,0x6f,0xc9,0x81,0x30,0x13,0xa1,0x6a,0x86,0x40,0x50,0x99,0xf4,0xa7,0xa9,0x52,0xf9,0x3a,0xec},
    },
    {
        {0xff,0xe9,0xcb,0x8e,0xef,0x09,0x43,0x6e,0x6a,0xf1,0xb4,0xd5,0x47,0xfb,0x43,0xe3,0x26,0x85,0x84,0x88,0x72,0x6d,0x10,0xb3,0x4e,0x14,0x71,0x1e,0xe2,0x89,0x69,0x18,0x00,0x40,0x4a,0xab,0x00,0x07,0x8d,0x9c,0xf8,0x72,0x7d,0x58,0x2a,0xdd,0x27,0xaf,0x35,0x8a,0x45,0x69,0x89,0x5a,0xe6,0xda,0xcc,0x75,0x6e,0xb6,0xe2,0x56,0xb9,0xb6,0xb2,0xdf,0x9c,0x01,0xc2,0xf4,0xbd,0xed,0xf6,0x83,0xba,0x93,0x1a,0x05,0x0e,0xa7,0x3c,0x09,0xd2,0x5b,0x2b,0xb7,0xd0,0x9a,0xca,0xa7,0xda,0x12,0xf9,0x38,0xe8},
        {0xff,0xe9,0xcb,0x8e,0xef,0x09,0x43,0x6e,0x6a,0xf1,0xb4,0xd5,0x47,0xfb,0x43,0xe3,0x26,0x85,0x84,0x88,0x72,0x6d,0x10,0xb3,0x4e,0x14,0x71,0x1e,0xe2,0x89,0x69,0x18,0x00,0x40,0x4a,0xab,0x00,0x07,0x8d,0x9c,0xf8,0x72,0x7d,0x58,0x2a,0xdd,0x27,0xaf,0x35,0x8a,0x45,0x69,0x89,0x5a,0xe6,0xda,0xcc,0x75,0x6e,0xb6,0xe2,0x56,0xb9,0xb6,0xb2,0xdf,0x9c,0x01,0xc2,0xf4,0xbd,0xed,0xf6,0x83,0xba,0x93,0x1a,0x05,0x0e,0xa7,0x3c,0x09,0xd2,0x5b,0x2b,0xb7,0xd0,0x9a,0xca,0xa7,0xda,0x12,0xf9,0x38,0xe8},
    },
    {
        {0x14,0x60,0xfb,0xdc,0x8c,0x7f,0x4f,0xdf,0xe6,0xac,0x11,0x46,0x71,0xbb,0xed,0xdc,0x5f,0x07,0xc4,0x74,0xd7,0x97,0x58,0x0c,0x73,0x68,0x73,0x29,0x5d,0x53,0x2d,0x05,0xc6,0xe5,0x65,0xd2,0xa9,0x10,0x88,0xe9,0x73,0xaf,0x92,0xe7,0x64,0xbe,0x2a,0x0e,0x2b,0x48,0xf0,0x48,0x42,0xc1,0x0b,0x9f,0x55,0xc6,0x30,0x12,0x20,0x80,0x85,0x82,0x17,0x3e,0xaa,0xaa,0xab,0x67,0x28,0x0b,0xd4,0xc8,0x21,0x67,0x9a,0xd0,0xe1,0x80,0x28,0xcb,0xcb,0xa6,0xd3,0xfd,0xd0,0x9b,0x02,0x27,0x26,0xf2,0xfb,0x38,0xee},
        {0x14,0x60,0xfb,0xdc,0x8c,0x7f,0x4f,0xdf,0xe6,0xac,0x11,0x46,0x71,0xbb,0xed,0xdc,0x5f,0x07,0xc4,0x74,0xd7,0x97,0x58,0x0c,0x73,0x68,0x73,0x29,0x5d,0x53,0x2d,0x05,0xc6,0xe5,0x65,0xd2,0xa9,0x10,0x88,0xe9,0x73,0xaf,0x92,0xe7,0x64,0xbe,0x2a,0x0e,0x2b,0x48,0xf0,0x48,0x42,0xc1,0x0b,0x9f,0x55,0xc6,0x30,0x12,0x20,0x80,0x85,0x82,0x17,0x3e,0xaa,0xaa,0xab,0x67,0x28,0x0b,0xd4,0xc8,0x21,0x67,0x9a,0xd0,0xe1,0x80,0x28,0xcb,0xcb,0xa6,0xd3,0xfd,0xd0,0x9b,0x02,0x27,0x26,0xf2,0xfb,0x38,0xee},
    },
    {
        {0x16,0x1f,0x7c,0xb8,0x51,0x6d,0xed,0xab,0x36,0xbb,0xec,0x7d,0x65,0xcf,0xd0,0xad,0x37,0x6a,0x48,0xf3,0xaf,0x92,0xf4,0xe1,0x5e,0x8e,0x00,0x01,0xd7,0x87,0x8f,0xb3,0xc3,0x6b,0x47,0x3b,0x70,0x07,0x27,0x34,0x2b,0x70,0x8c,0xb5,0xd0,0x82,0x76,0x2e,0xdf,0xc0,0xd0,0x85,0xdb,0xb5,0x92,0x54,0x91,0xb6,0xab,0x39,0x53,0xa7,0x1b,0xf4,0x05,0x2d,0x54,0x95,0x55,0x6d,0xaa,0xd6,0x55,0xed,0x07,0xa9,0xca,0x10,0x7c,0xe5,0x61,0x8a,0x58,0xfc,0x3d,0xf6,0x60,0x9a,0x04,0xc6,0xd4,0x02,0xff,0x28,0xef},
        {0x16,0x1f,0x7c,0xb8,0x51,0x6d,0xed,0xab,0x36,0xbb,0xec,0x7d,0x65,0xcf,0xd0,0xad,0x37,0x6a,0x48,0xf3,0xaf,0x92,0xf4,0xe1,0x5e,0x8e,0x00,0x01,0xd7,0x87,0x8f,0xb3,0xc3,0x6b,0x47,0x3b,0x70,0x07,0x27,0x34,0x2b,0x70,0x8c,0xb5,0xd0,0x82,0x76,0x2e,0xdf,0xc0,0xd0,0x85,0xdb,0xb5,0x92,0x54,0x91,0xb6,0xab,0x39,0x53,0xa7,0x1b,0xf4,0x05,0x2d,0x54,0x95,0x55,0x6d,0xaa,0xd6,0x55,0xed,0x07,0xa9,0xca,0x10,0x7c,0xe5,0x61,0x8a,0x58,0xfc,0x3d,0xf6,0x60,0x9a,0x04,0xc6,0xd4,0x02,0xff,0x28,0xef},
    },
    {
        {0x00,0x00,0x00,0x00,0x00,0x00,0x00,0x00,0x00,0x00,0x00,0x00,0x00,0x00,0x00,0x00,0x00,0x00,0x00,0x00,0x00,0x00,0x00,0x00,0x00,0x00,0x00,0x00,0x00,0x00,0x00,0x00,0x00,0x00,0x00,0x00,0x00,0x00,0x00,0x00,0x00,0x00,0x00,0x00,0x00,0x00,0x00,0x00,0x00,0x00,0x00,0x00,0x00,0x00,0x00,0x00,0x00,0x00,0x00,0x00,0x00,0x00,0x00,0x00,0x00,0x00,0x00,0x00,0x00,0x00,0x00,0x00,0x00,0x00,0x00,0x00,0x00,0x00,0x00,0x00,0x00,0x00,0x00,0x00,0x00,0x00,0x70,0x90,0x12,0x7c,0xa5,0x06,0x88,0x00,0x00},
        {0x00,0x00,0x00,0x00,0x00,0x00,0x00,0x00,0x00,0x00,0x00,0x00,0x00,0x00,0x00,0x00,0x00,0x00,0x00,0x00,0x00,0x00,0x00,0x00,0x00,0x00,0x00,0x00,0x00,0x00,0x00,0x00,0x00,0x00,0x00,0x00,0x00,0x00,0x00,0x00,0x00,0x00,0x00,0x00,0x00,0x00,0x00,0x00,0x00,0x00,0x00,0x00,0x00,0x00,0x00,0x00,0x00,0x00,0x00,0x00,0x00,0x00,0x00,0x00,0x00,0x00,0x00,0x00,0x00,0x00,0x00,0x00,0x00,0x00,0x00,0x00,0x00,0x00,0x00,0x00,0x00,0x00,0x00,0x00,0x00,0x00,0x70,0x90,0x12,0x7c,0xa5,0x06,0x88,0x00,0x00},
    },
    {
        {0x00,0x00,0x00,0x00,0x00,0x00,0x00,0x00,0x00,0x00,0x00,0x00,0x00,0x00,0x00,0x00,0x00,0x00,0x00,0x00,0x00,0x00,0x00,0x00,0x00,0x00,0x00,0x00,0x00,0x00,0x00,0x00,0x00,0x00,0x00,0x00,0x00,0x00,0x00,0x00,0x00,0x00,0x00,0x00,0x00,0x00,0x00,0x00,0x00,0x00,0x00,0x00,0x00,0x00,0x00,0x00,0x00,0x00,0x00,0x00,0x00,0x00,0x00,0x00,0x00,0x00,0x00,0x00,0x00,0x00,0x00,0x00,0x00,0x00,0x00,0x00,0x00,0x00,0x00,0x00,0x00,0x00,0x00,0x00,0x00,0x00,0x00,0x1c,0x12,0x7c,0xa5,0x06,0x80,0x00,0x00},
        {0x00,0x00,0x00,0x00,0x00,0x00,0x00,0x00,0x00,0x00,0x00,0x00,0x00,0x00,0x00,0x00,0x00,0x00,0x00,0x00,0x00,0x00,0x00,0x00,0x00,0x00,0x00,0x00,0x00,0x00,0x00,0x00,0x00,0x00,0x00,0x00,0x00,0x00,0x00,0x00,0x00,0x00,0x00,0x00,0x00,0x00,0x00,0x00,0x00,0x00,0x00,0x00,0x00,0x00,0x00,0x00,0x00,0x00,0x00,0x00,0x00,0x00,0x00,0x00,0x00,0x00,0x00,0x00,0x00,0x00,0x00,0x00,0x00,0x00,0x00,0x00,0x00,0x00,0x00,0x00,0x00,0x00,0x00,0x00,0x00,0x00,0x00,0x1c,0x12,0x7c,0xa5,0x06,0x80,0x00,0x00},
    },
    {
        {0x00,0x00,0x00,0x00,0x00,0x00,0x00,0x00,0x00,0x00,0x00,0x00,0x00,0x00,0x00,0x00,0x00,0x00,0x00,0x00,0x00,0x00,0x00,0x00,0x00,0x00,0x00,0x00,0x00,0x00,0x00,0x00,0x00,0x00,0x00,0x00,0x00,0x00,0x00,0x00,0x00,0x00,0x00,0x00,0x00,0x00,0x00,0x00,0x00,0x00,0x00,0x00,0x00,0x00,0x00,0x00,0x00,0x00,0x00,0x00,0x00,0x00,0x00,0x00,0x00,0x00,0x00,0x00,0x00,0x00,0x00,0x00,0x00,0x00,0x00,0x00,0x00,0x00,0x00,0x00,0x00,0x00,0x00,0x00,0x00,0x00,0x00,0x1c,0x12,0x7c,0xa5,0x06,0x80,0x00,0x00},
        {0x00,0x00,0x00,0x00,0x00,0x00,0x00,0x00,0x00,0x00,0x00,0x00,0x00,0x00,0x00,0x00,0x00,0x00,0x00,0x00,0x00,0x00,0x00,0x00,0x00,0x00,0x00,0x00,0x00,0x00,0x00,0x00,0x00,0x00,0x00,0x00,0x00,0x00,0x00,0x00,0x00,0x00,0x00,0x00,0x00,0x00,0x00,0x00,0x00,0x00,0x00,0x00,0x00,0x00,0x00,0x00,0x00,0x00,0x00,0x00,0x00,0x00,0x00,0x00,0x00,0x00,0x00,0x00,0x00,0x00,0x00,0x00,0x00,0x00,0x00,0x00,0x00,0x00,0x00,0x00,0x00,0x00,0x00,0x00,0x00,0x00,0x00,0x1c,0x12,0x7c,0xa5,0x06,0x80,0x00,0x00},
    },
    {
        {0x00,0x00,0x00,0x00,0x00,0x00,0x00,0x00,0x00,0x00,0x00,0x00,0x00,0x00,0x00,0x00,0x00,0x00,0x00,0x00,0x00,0x00,0x00,0x00,0x00,0x00,0x00,0x00,0x00,0x00,0x00,0x00,0x00,0x00,0x00,0x00,0x00,0x00,0x00,0x00,0x00,0x00,0x00,0x00,0x00,0x00,0x00,0x00,0x00,0x00,0x00,0x00,0x00,0x00,0x00,0x00,0x00,0x00,0x00,0x00,0x00,0x00,0x00,0x00,0x00,0x00,0x00,0x00,0x00,0x00,0x00,0x00,0x00,0x00,0x00,0x00,0x00,0x00,0x00,0x00,0x00,0x00,0x00,0x00,0x00,0x00,0x00,0x1c,0x12,0x7c,0xa5,0x06,0x80,0x00,0x00},
        {0x00,0x00,0x00,0x00,0x00,0x00,0x00,0x00,0x00,0x00,0x00,0x00,0x00,0x00,0x00,0x00,0x00,0x00,0x00,0x00,0x00,0x00,0x00,0x00,0x00,0x00,0x00,0x00,0x00,0x00,0x00,0x00,0x00,0x00,0x00,0x00,0x00,0x00,0x00,0x00,0x00,0x00,0x00,0x00,0x00,0x00,0x00,0x00,0x00,0x00,0x00,0x00,0x00,0x00,0x00,0x00,0x00,0x00,0x00,0x00,0x00,0x00,0x00,0x00,0x00,0x00,0x00,0x00,0x00,0x00,0x00,0x00,0x00,0x00,0x00,0x00,0x00,0x00,0x00,0x00,0x00,0x00,0x00,0x00,0x00,0x00,0x00,0x1c,0x12,0x7c,0xa5,0x06,0x80,0x00,0x00},
    },
    {
        {0x00,0x00,0x00,0x00,0x00,0x00,0x00,0x00,0x00,0x00,0x00,0x00,0x00,0x00,0x00,0x00,0x00,0x00,0x00,0x00,0x00,0x00,0x00,0x00,0x00,0x00,0x00,0x00,0x00,0x00,0x00,0x00,0x00,0x00,0x00,0x00,0x00,0x00,0x00,0x00,0x00,0x00,0x00,0x00,0x00,0x00,0x00,0x00,0x00,0x00,0x00,0x00,0x00,0x00,0x00,0x00,0x00,0x00,0x00,0x00,0x00,0x00,0x00,0x00,0x00,0x00,0x00,0x00,0x00,0x00,0x00,0x00,0x00,0x00,0x00,0x00,0x00,0x00,0x00,0x00,0x00,0x00,0x00,0x00,0x00,0x00,0x00,0x1c,0x12,0x7c,0xa5,0x06,0x80,0x00,0x00},
        {0x00,0x00,0x00,0x00,0x00,0x00,0x00,0x00,0x00,0x00,0x00,0x00,0x00,0x00,0x00,0x00,0x00,0x00,0x00,0x00,0x00,0x00,0x00,0x00,0x00,0x00,0x00,0x00,0x00,0x00,0x00,0x00,0x00,0x00,0x00,0x00,0x00,0x00,0x00,0x00,0x00,0x00,0x00,0x00,0x00,0x00,0x00,0x00,0x00,0x00,0x00,0x00,0x00,0x00,0x00,0x00,0x00,0x00,0x00,0x00,0x00,0x00,0x00,0x00,0x00,0x00,0x00,0x00,0x00,0x00,0x00,0x00,0x00,0x00,0x00,0x00,0x00,0x00,0x00,0x00,0x00,0x00,0x00,0x00,0x00,0x00,0x00,0x1c,0x12,0x7c,0xa5,0x06,0x80,0x00,0x00},
    },
    {
        {0x00,0x00,0x00,0x00,0x00,0x00,0x00,0x00,0x00,0x00,0x00,0x00,0x00,0x00,0x00,0x00,0x00,0x00,0x00,0x00,0x00,0x00,0x00,0x00,0x00,0x00,0x00,0x00,0x00,0x00,0x00,0x00,0x00,0x00,0x00,0x00,0x00,0x00,0x00,0x00,0x00,0x00,0x00,0x00,0x00,0x00,0x00,0x00,0x00,0x00,0x00,0x00,0x00,0x00,0x00,0x00,0x00,0x00,0x00,0x00,0x00,0x00,0x00,0x00,0x00,0x00,0x00,0x00,0x00,0x00,0x00,0x00,0x00,0x00,0x00,0x00,0x00,0x00,0x00,0x00,0x00,0x00,0x00,0x00,0x00,0x00,0x00,0x1c,0x12,0x7c,0xa5,0x06,0x80,0x00,0x00},
        {0x00,0x00,0x00,0x00,0x00,0x00,0x00,0x00,0x00,0x00,0x00,0x00,0x00,0x00,0x00,0x00,0x00,0x00,0x00,0x00,0x00,0x00,0x00,0x00,0x00,0x00,0x00,0x00,0x00,0x00,0x00,0x00,0x00,0x00,0x00,0x00,0x00,0x00,0x00,0x00,0x00,0x00,0x00,0x00,0x00,0x00,0x00,0x00,0x00,0x00,0x00,0x00,0x00,0x00,0x00,0x00,0x00,0x00,0x00,0x00,0x00,0x00,0x00,0x00,0x00,0x00,0x00,0x00,0x00,0x00,0x00,0x00,0x00,0x00,0x00,0x00,0x00,0x00,0x00,0x00,0x00,0x00,0x00,0x00,0x00,0x00,0x00,0x1c,0x12,0x7c,0xa5,0x06,0x80,0x00,0x00},
    },
    {
        {0x00,0x00,0x00,0x00,0x00,0x00,0x00,0x00,0x00,0x00,0x00,0x00,0x00,0x00,0x00,0x00,0x00,0x00,0x00,0x00,0x00,0x00,0x00,0x00,0x00,0x00,0x00,0x00,0x00,0x00,0x00,0x00,0x00,0x00,0x00,0x00,0x00,0x00,0x00,0x00,0x00,0x00,0x00,0x00,0x00,0x00,0x00,0x00,0x00,0x00,0x00,0x00,0x00,0x00,0x00,0x00,0x00,0x00,0x00,0x00,0x00,0x00,0x00,0x00,0x00,0x00,0x00,0x00,0x00,0x00,0x00,0x00,0x00,0x00,0x00,0x00,0x00,0x00,0x00,0x00,0x00,0x00,0x00,0x00,0x00,0x00,0x00,0x1c,0x12,0x7c,0xa5,0x06,0x80,0x00,0x00},
        {0x00,0x00,0x00,0x00,0x00,0x00,0x00,0x00,0x00,0x00,0x00,0x00,0x00,0x00,0x00,0x00,0x00,0x00,0x00,0x00,0x00,0x00,0x00,0x00,0x00,0x00,0x00,0x00,0x00,0x00,0x00,0x00,0x00,0x00,0x00,0x00,0x00,0x00,0x00,0x00,0x00,0x00,0x00,0x00,0x00,0x00,0x00,0x00,0x00,0x00,0x00,0x00,0x00,0x00,0x00,0x00,0x00,0x00,0x00,0x00,0x00,0x00,0x00,0x00,0x00,0x00,0x00,0x00,0x00,0x00,0x00,0x00,0x00,0x00,0x00,0x00,0x00,0x00,0x00,0x00,0x00,0x00,0x00,0x00,0x00,0x00,0x00,0x1c,0x12,0x7c,0xa5,0x06,0x80,0x00,0x00},
    },
    {
        {0x00,0x00,0x00,0x00,0x00,0x00,0x00,0x00,0x00,0x00,0x00,0x00,0x00,0x00,0x00,0x00,0x00,0x00,0x00,0x00,0x00,0x00,0x00,0x00,0x00,0x00,0x00,0x00,0x00,0x00,0x00,0x00,0x00,0x00,0x00,0x00,0x00,0x00,0x00,0x00,0x00,0x00,0x00,0x00,0x00,0x00,0x00,0x00,0x00,0x00,0x00,0x00,0x00,0x00,0x00,0x00,0x00,0x00,0x00,0x00,0x00,0x00,0x00,0x00,0x00,0x00,0x00,0x00,0x00,0x00,0x00,0x00,0x00,0x00,0x00,0x00,0x00,0x00,0x00,0x00,0x00,0x00,0x00,0x00,0x00,0x00,0x00,0x1c,0x12,0x7c,0xa5,0x06,0x80,0x00,0x00},
        {0x00,0x00,0x00,0x00,0x00,0x00,0x00,0x00,0x00,0x00,0x00,0x00,0x00,0x00,0x00,0x00,0x00,0x00,0x00,0x00,0x00,0x00,0x00,0x00,0x00,0x00,0x00,0x00,0x00,0x00,0x00,0x00,0x00,0x00,0x00,0x00,0x00,0x00,0x00,0x00,0x00,0x00,0x00,0x00,0x00,0x00,0x00,0x00,0x00,0x00,0x00,0x00,0x00,0x00,0x00,0x00,0x00,0x00,0x00,0x00,0x00,0x00,0x00,0x00,0x00,0x00,0x00,0x00,0x00,0x00,0x00,0x00,0x00,0x00,0x00,0x00,0x00,0x00,0x00,0x00,0x00,0x00,0x00,0x00,0x00,0x00,0x00,0x1c,0x12,0x7c,0xa5,0x06,0x80,0x00,0x00},
    },
    {
        {0x00,0x00,0x00,0x00,0x00,0x00,0x00,0x00,0x00,0x00,0x00,0x00,0x00,0x00,0x00,0x00,0x00,0x00,0x00,0x00,0x00,0x00,0x00,0x00,0x00,0x00,0x00,0x00,0x00,0x00,0x00,0x00,0x00,0x00,0x00,0x00,0x00,0x00,0x00,0x00,0x00,0x00,0x00,0x00,0x00,0x00,0x00,0x00,0x00,0x00,0x00,0x00,0x00,0x00,0x00,0x00,0x00,0x00,0x00,0x00,0x00,0x00,0x00,0x00,0x00,0x00,0x00,0x00,0x00,0x00,0x00,0x00,0x00,0x00,0x00,0x00,0x00,0x00,0x00,0x00,0x00,0x00,0x00,0x00,0x00,0x00,0x00,0x1c,0x12,0x7c,0xa5,0x06,0x80,0x00,0x00},
        {0x00,0x00,0x00,0x00,0x00,0x00,0x00,0x00,0x00,0x00,0x00,0x00,0x00,0x00,0x00,0x00,0x00,0x00,0x00,0x00,0x00,0x00,0x00,0x00,0x00,0x00,0x00,0x00,0x00,0x00,0x00,0x00,0x00,0x00,0x00,0x00,0x00,0x00,0x00,0x00,0x00,0x00,0x00,0x00,0x00,0x00,0x00,0x00,0x00,0x00,0x00,0x00,0x00,0x00,0x00,0x00,0x00,0x00,0x00,0x00,0x00,0x00,0x00,0x00,0x00,0x00,0x00,0x00,0x00,0x00,0x00,0x00,0x00,0x00,0x00,0x00,0x00,0x00,0x00,0x00,0x00,0x00,0x00,0x00,0x00,0x00,0x00,0x1c,0x12,0x7c,0xa5,0x06,0x80,0x00,0x00},
    },
    {
        {0x00,0x00,0x00,0x00,0x00,0x00,0x00,0x00,0x00,0x00,0x00,0x00,0x00,0x00,0x00,0x00,0x00,0x00,0x00,0x00,0x00,0x00,0x00,0x00,0x00,0x00,0x00,0x00,0x00,0x00,0x00,0x00,0x00,0x00,0x00,0x00,0x00,0x00,0x00,0x00,0x00,0x00,0x00,0x00,0x00,0x00,0x00,0x00,0x00,0x00,0x00,0x00,0x00,0x00,0x00,0x00,0x00,0x00,0x00,0x00,0x00,0x00,0x00,0x00,0x00,0x00,0x00,0x00,0x00,0x00,0x00,0x00,0x00,0x00,0x00,0x00,0x00,0x00,0x00,0x00,0x00,0x00,0x00,0x00,0x00,0x00,0x00,0x1c,0x12,0x7c,0xa5,0x06,0x80,0x00,0x00},
        {0x00,0x00,0x00,0x00,0x00,0x00,0x00,0x00,0x00,0x00,0x00,0x00,0x00,0x00,0x00,0x00,0x00,0x00,0x00,0x00,0x00,0x00,0x00,0x00,0x00,0x00,0x00,0x00,0x00,0x00,0x00,0x00,0x00,0x00,0x00,0x00,0x00,0x00,0x00,0x00,0x00,0x00,0x00,0x00,0x00,0x00,0x00,0x00,0x00,0x00,0x00,0x00,0x00,0x00,0x00,0x00,0x00,0x00,0x00,0x00,0x00,0x00,0x00,0x00,0x00,0x00,0x00,0x00,0x00,0x00,0x00,0x00,0x00,0x00,0x00,0x00,0x00,0x00,0x00,0x00,0x00,0x00,0x00,0x00,0x00,0x00,0x00,0x1c,0x12,0x7c,0xa5,0x06,0x80,0x00,0x00},
    },
    {
        {0x00,0x00,0x00,0x00,0x00,0x00,0x00,0x00,0x00,0x00,0x00,0x00,0x00,0x00,0x00,0x00,0x00,0x00,0x00,0x00,0x00,0x00,0x00,0x00,0x00,0x00,0x00,0x00,0x00,0x00,0x00,0x00,0x00,0x00,0x00,0x00,0x00,0x00,0x00,0x00,0x00,0x00,0x00,0x00,0x00,0x00,0x00,0x00,0x00,0x00,0x00,0x00,0x00,0x00,0x00,0x00,0x00,0x00,0x00,0x00,0x00,0x00,0x00,0x00,0x00,0x00,0x00,0x00,0x00,0x00,0x00,0x00,0x00,0x00,0x00,0x00,0x00,0x00,0x00,0x00,0x00,0x00,0x00,0x00,0x00,0x00,0x00,0x1c,0x12,0x7c,0xa5,0x06,0x80,0x00,0x00},
        {0x00,0x00,0x00,0x00,0x00,0x00,0x00,0x00,0x00,0x00,0x00,0x00,0x00,0x00,0x00,0x00,0x00,0x00,0x00,0x00,0x00,0x00,0x00,0x00,0x00,0x00,0x00,0x00,0x00,0x00,0x00,0x00,0x00,0x00,0x00,0x00,0x00,0x00,0x00,0x00,0x00,0x00,0x00,0x00,0x00,0x00,0x00,0x00,0x00,0x00,0x00,0x00,0x00,0x00,0x00,0x00,0x00,0x00,0x00,0x00,0x00,0x00,0x00,0x00,0x00,0x00,0x00,0x00,0x00,0x00,0x00,0x00,0x00,0x00,0x00,0x00,0x00,0x00,0x00,0x00,0x00,0x00,0x00,0x00,0x00,0x00,0x00,0x1c,0x12,0x7c,0xa5,0x06,0x80,0x00,0x00},
    },
    {
        {0x00,0x00,0x00,0x00,0x00,0x00,0x00,0x00,0x00,0x00,0x00,0x00,0x00,0x00,0x00,0x00,0x00,0x00,0x00,0x00,0x00,0x00,0x00,0x00,0x00,0x00,0x00,0x00,0x00,0x00,0x00,0x00,0x00,0x00,0x00,0x00,0x00,0x00,0x00,0x00,0x00,0x00,0x00,0x00,0x00,0x00,0x00,0x00,0x00,0x00,0x00,0x00,0x00,0x00,0x00,0x00,0x00,0x00,0x00,0x00,0x00,0x00,0x00,0x00,0x00,0x00,0x00,0x00,0x00,0x00,0x00,0x00,0x00,0x00,0x00,0x00,0x00,0x00,0x00,0x00,0x00,0x00,0x00,0x00,0x00,0x00,0x00,0x1c,0x12,0x7c,0xa5,0x06,0x80,0x00,0x00},
        {0x00,0x00,0x00,0x00,0x00,0x00,0x00,0x00,0x00,0x00,0x00,0x00,0x00,0x00,0x00,0x00,0x00,0x00,0x00,0x00,0x00,0x00,0x00,0x00,0x00,0x00,0x00,0x00,0x00,0x00,0x00,0x00,0x00,0x00,0x00,0x00,0x00,0x00,0x00,0x00,0x00,0x00,0x00,0x00,0x00,0x00,0x00,0x00,0x00,0x00,0x00,0x00,0x00,0x00,0x00,0x00,0x00,0x00,0x00,0x00,0x00,0x00,0x00,0x00,0x00,0x00,0x00,0x00,0x00,0x00,0x00,0x00,0x00,0x00,0x00,0x00,0x00,0x00,0x00,0x00,0x00,0x00,0x00,0x00,0x00,0x00,0x00,0x1c,0x12,0x7c,0xa5,0x06,0x80,0x00,0x00},
    },
    {
        {0x00,0x00,0x00,0x00,0x00,0x00,0x00,0x00,0x00,0x00,0x00,0x00,0x00,0x00,0x00,0x00,0x00,0x00,0x00,0x00,0x00,0x00,0x00,0x00,0x00,0x00,0x00,0x00,0x00,0x00,0x00,0x00,0x00,0x00,0x00,0x00,0x00,0x00,0x00,0x00,0x00,0x00,0x00,0x00,0x00,0x00,0x00,0x00,0x00,0x00,0x00,0x00,0x00,0x00,0x00,0x00,0x00,0x00,0x00,0x00,0x00,0x00,0x00,0x00,0x00,0x00,0x00,0x00,0x00,0x00,0x00,0x00,0x00,0x00,0x00,0x00,0x00,0x00,0x00,0x00,0x00,0x00,0x00,0x00,0x00,0x00,0x00,0x1c,0x12,0x7c,0xa5,0x06,0x80,0x00,0x00},
        {0x00,0x00,0x00,0x00,0x00,0x00,0x00,0x00,0x00,0x00,0x00,0x00,0x00,0x00,0x00,0x00,0x00,0x00,0x00,0x00,0x00,0x00,0x00,0x00,0x00,0x00,0x00,0x00,0x00,0x00,0x00,0x00,0x00,0x00,0x00,0x00,0x00,0x00,0x00,0x00,0x00,0x00,0x00,0x00,0x00,0x00,0x00,0x00,0x00,0x00,0x00,0x00,0x00,0x00,0x00,0x00,0x00,0x00,0x00,0x00,0x00,0x00,0x00,0x00,0x00,0x00,0x00,0x00,0x00,0x00,0x00,0x00,0x00,0x00,0x00,0x00,0x00,0x00,0x00,0x00,0x00,0x00,0x00,0x00,0x00,0x00,0x00,0x1c,0x12,0x7c,0xa5,0x06,0x80,0x00,0x00},
    },
};
